x,y,vx,vy, Paddle.y
1160, 290, -10, -10, 260
1150, 280, -10, -10, 260
1140, 270, -10, -10, 260
1130, 260, -10, -10, 260
1120, 250, -10, -10, 260
1110, 240, -10, -10, 260
1100, 230, -10, -10, 260
1090, 220, -10, -10, 260
1080, 210, -10, -10, 260
1070, 200, -10, -10, 260
1060, 190, -10, -10, 260
1050, 180, -10, -10, 260
1040, 170, -10, -10, 260
1030, 160, -10, -10, 260
1020, 150, -10, -10, 260
1010, 140, -10, -10, 260
1000, 130, -10, -10, 260
990, 120, -10, -10, 260
980, 110, -10, -10, 260
970, 100, -10, -10, 260
960, 90, -10, -10, 260
950, 80, -10, -10, 260
940, 70, -10, -10, 260
930, 60, -10, -10, 260
920, 50, -10, -10, 260
910, 40, -10, -10, 260
900, 30, -10, 10, 260
890, 40, -10, 10, 260
880, 50, -10, 10, 260
870, 60, -10, 10, 260
860, 70, -10, 10, 260
850, 80, -10, 10, 260
840, 90, -10, 10, 260
830, 100, -10, 10, 260
820, 110, -10, 10, 260
810, 120, -10, 10, 260
800, 130, -10, 10, 260
790, 140, -10, 10, 260
780, 150, -10, 10, 260
770, 160, -10, 10, 260
760, 170, -10, 10, 260
750, 180, -10, 10, 260
740, 190, -10, 10, 260
730, 200, -10, 10, 260
720, 210, -10, 10, 260
710, 220, -10, 10, 260
700, 230, -10, 10, 260
690, 240, -10, 10, 260
680, 250, -10, 10, 260
670, 260, -10, 10, 260
660, 270, -10, 10, 245
650, 280, -10, 10, 230
640, 290, -10, 10, 215
630, 300, -10, 10, 200
620, 310, -10, 10, 185
610, 320, -10, 10, 170
600, 330, -10, 10, 155
590, 340, -10, 10, 155
580, 350, -10, 10, 155
570, 360, -10, 10, 155
560, 370, -10, 10, 155
550, 380, -10, 10, 155
540, 390, -10, 10, 170
530, 400, -10, 10, 185
520, 410, -10, 10, 200
510, 420, -10, 10, 215
500, 430, -10, 10, 230
490, 440, -10, 10, 245
480, 450, -10, 10, 260
470, 460, -10, 10, 275
460, 470, -10, 10, 290
450, 480, -10, 10, 305
440, 490, -10, 10, 320
430, 500, -10, 10, 335
420, 510, -10, 10, 350
410, 520, -10, 10, 365
400, 530, -10, 10, 365
390, 540, -10, 10, 365
380, 550, -10, 10, 365
370, 560, -10, 10, 365
360, 570, -10, -10, 365
350, 560, -10, -10, 365
340, 550, -10, -10, 365
330, 540, -10, -10, 365
320, 530, -10, -10, 365
310, 520, -10, -10, 365
300, 510, -10, -10, 350
290, 500, -10, -10, 335
280, 490, -10, -10, 320
270, 480, -10, -10, 305
260, 470, -10, -10, 290
250, 460, -10, -10, 275
240, 450, -10, -10, 260
230, 440, -10, -10, 245
220, 430, -10, -10, 230
210, 420, -10, -10, 215
200, 410, -10, -10, 200
190, 400, -10, -10, 185
180, 390, -10, -10, 185
170, 380, -10, -10, 185
160, 370, -10, -10, 185
150, 360, -10, -10, 185
140, 350, -10, -10, 185
130, 340, -10, -10, 185
120, 330, -10, -10, 185
110, 320, -10, -10, 185
100, 310, -10, -10, 185
90, 300, -10, -10, 185
80, 290, -10, -10, 185
70, 280, -10, -10, 185
60, 270, -10, -10, 185
50, 260, -10, -10, 185
40, 250, -10, -10, 185
30, 240, 10, -10, 200
40, 230, 10, -10, 215
50, 220, 10, -10, 230
60, 210, 10, -10, 245
70, 200, 10, -10, 260
80, 190, 10, -10, 275
90, 180, 10, -10, 290
100, 170, 10, -10, 305
110, 160, 10, -10, 320
120, 150, 10, -10, 335
130, 140, 10, -10, 350
140, 130, 10, -10, 365
150, 120, 10, -10, 365
160, 110, 10, -10, 365
170, 100, 10, -10, 365
180, 90, 10, -10, 365
190, 80, 10, -10, 365
200, 70, 10, -10, 365
210, 60, 10, -10, 365
220, 50, 10, -10, 365
230, 40, 10, -10, 365
240, 30, 10, 10, 365
250, 40, 10, 10, 365
260, 50, 10, 10, 365
270, 60, 10, 10, 365
280, 70, 10, 10, 365
290, 80, 10, 10, 365
300, 90, 10, 10, 365
310, 100, 10, 10, 365
320, 110, 10, 10, 365
330, 120, 10, 10, 365
340, 130, 10, 10, 365
350, 140, 10, 10, 365
360, 150, 10, 10, 365
370, 160, 10, 10, 365
380, 170, 10, 10, 365
390, 180, 10, 10, 365
400, 190, 10, 10, 365
410, 200, 10, 10, 365
420, 210, 10, 10, 365
430, 220, 10, 10, 365
440, 230, 10, 10, 365
450, 240, 10, 10, 365
460, 250, 10, 10, 365
470, 260, 10, 10, 365
480, 270, 10, 10, 365
490, 280, 10, 10, 365
500, 290, 10, 10, 365
510, 300, 10, 10, 365
520, 310, 10, 10, 365
530, 320, 10, 10, 365
540, 330, 10, 10, 365
550, 340, 10, 10, 365
560, 350, 10, 10, 365
570, 360, 10, 10, 365
580, 370, 10, 10, 365
590, 380, 10, 10, 365
600, 390, 10, 10, 365
610, 400, 10, 10, 365
620, 410, 10, 10, 365
630, 420, 10, 10, 365
640, 430, 10, 10, 365
650, 440, 10, 10, 365
660, 450, 10, 10, 365
670, 460, 10, 10, 365
680, 470, 10, 10, 365
690, 480, 10, 10, 365
700, 490, 10, 10, 365
710, 500, 10, 10, 365
720, 510, 10, 10, 365
730, 520, 10, 10, 365
740, 530, 10, 10, 365
750, 540, 10, 10, 365
760, 550, 10, 10, 365
770, 560, 10, 10, 365
780, 570, 10, -10, 365
790, 560, 10, -10, 365
800, 550, 10, -10, 365
810, 540, 10, -10, 365
820, 530, 10, -10, 365
830, 520, 10, -10, 365
840, 510, 10, -10, 365
850, 500, 10, -10, 365
860, 490, 10, -10, 365
870, 480, 10, -10, 365
880, 470, 10, -10, 365
890, 460, 10, -10, 365
900, 450, 10, -10, 365
910, 440, 10, -10, 365
920, 430, 10, -10, 365
930, 420, 10, -10, 365
940, 410, 10, -10, 365
950, 400, 10, -10, 350
960, 390, 10, -10, 335
970, 380, 10, -10, 320
980, 370, 10, -10, 305
990, 360, 10, -10, 290
1000, 350, 10, -10, 275
1010, 340, 10, -10, 260
1020, 330, 10, -10, 245
1030, 320, 10, -10, 230
1040, 310, 10, -10, 215
1050, 300, 10, -10, 200
1060, 290, 10, -10, 185
1070, 280, 10, -10, 170
1080, 270, 10, -10, 155
1090, 260, 10, -10, 155
1100, 250, 10, -10, 155
1110, 240, 10, -10, 155
1120, 230, 10, -10, 155
1130, 220, 10, -10, 155
1140, 210, 10, -10, 155
1150, 200, 10, -10, 155
1160, 190, 10, -10, 155
1170, 180, 10, -10, 155
1180, 170, 10, -10, 155
1190, 160, -10, -10, 155
1180, 150, -10, -10, 155
1170, 140, -10, -10, 155
1160, 130, -10, -10, 155
1150, 120, -10, -10, 155
1140, 110, -10, -10, 155
1130, 100, -10, -10, 155
1120, 90, -10, -10, 155
1110, 80, -10, -10, 155
1100, 70, -10, -10, 155
1090, 60, -10, -10, 155
1080, 50, -10, -10, 155
1070, 40, -10, -10, 155
1060, 30, -10, 10, 155
1050, 40, -10, 10, 155
1040, 50, -10, 10, 155
1030, 60, -10, 10, 155
1020, 70, -10, 10, 155
1010, 80, -10, 10, 155
1000, 90, -10, 10, 155
990, 100, -10, 10, 155
980, 110, -10, 10, 155
970, 120, -10, 10, 155
960, 130, -10, 10, 155
950, 140, -10, 10, 155
940, 150, -10, 10, 155
930, 160, -10, 10, 155
920, 170, -10, 10, 155
910, 180, -10, 10, 155
900, 190, -10, 10, 155
890, 200, -10, 10, 155
880, 210, -10, 10, 155
870, 220, -10, 10, 155
860, 230, -10, 10, 155
850, 240, -10, 10, 155
840, 250, -10, 10, 155
830, 260, -10, 10, 155
820, 270, -10, 10, 155
810, 280, -10, 10, 155
800, 290, -10, 10, 155
790, 300, -10, 10, 155
780, 310, -10, 10, 155
770, 320, -10, 10, 155
760, 330, -10, 10, 155
750, 340, -10, 10, 155
740, 350, -10, 10, 155
730, 360, -10, 10, 155
720, 370, -10, 10, 155
710, 380, -10, 10, 155
700, 390, -10, 10, 155
690, 400, -10, 10, 155
680, 410, -10, 10, 155
670, 420, -10, 10, 155
660, 430, -10, 10, 155
650, 440, -10, 10, 155
640, 450, -10, 10, 155
630, 460, -10, 10, 155
620, 470, -10, 10, 155
610, 480, -10, 10, 155
600, 490, -10, 10, 155
590, 500, -10, 10, 155
580, 510, -10, 10, 155
570, 520, -10, 10, 155
560, 530, -10, 10, 155
550, 540, -10, 10, 155
540, 550, -10, 10, 155
530, 560, -10, 10, 155
520, 570, -10, -10, 155
510, 560, -10, -10, 155
500, 550, -10, -10, 155
490, 540, -10, -10, 155
480, 530, -10, -10, 155
470, 520, -10, -10, 155
460, 510, -10, -10, 155
450, 500, -10, -10, 155
440, 490, -10, -10, 155
430, 480, -10, -10, 155
420, 470, -10, -10, 155
410, 460, -10, -10, 155
400, 450, -10, -10, 155
390, 440, -10, -10, 155
380, 430, -10, -10, 155
370, 420, -10, -10, 155
360, 410, -10, -10, 155
350, 400, -10, -10, 155
340, 390, -10, -10, 155
330, 380, -10, -10, 155
320, 370, -10, -10, 155
310, 360, -10, -10, 155
300, 350, -10, -10, 155
290, 340, -10, -10, 155
280, 330, -10, -10, 155
270, 320, -10, -10, 155
260, 310, -10, -10, 155
250, 300, -10, -10, 155
240, 290, -10, -10, 155
230, 280, -10, -10, 155
220, 270, -10, -10, 155
210, 260, -10, -10, 155
200, 250, -10, -10, 155
190, 240, -10, -10, 155
180, 230, -10, -10, 155
170, 220, -10, -10, 155
160, 210, -10, -10, 155
150, 200, -10, -10, 155
140, 190, -10, -10, 155
130, 180, -10, -10, 155
120, 170, -10, -10, 155
110, 160, -10, -10, 155
100, 150, -10, -10, 155
90, 140, -10, -10, 155
80, 130, -10, -10, 155
70, 120, -10, -10, 155
60, 110, -10, -10, 155
50, 100, -10, -10, 155
40, 90, -10, -10, 155
30, 80, 10, -10, 155
40, 70, 10, -10, 155
50, 60, 10, -10, 155
60, 50, 10, -10, 155
70, 40, 10, -10, 155
80, 30, 10, 10, 155
90, 40, 10, 10, 155
100, 50, 10, 10, 155
110, 60, 10, 10, 155
120, 70, 10, 10, 155
130, 80, 10, 10, 155
140, 90, 10, 10, 155
150, 100, 10, 10, 155
160, 110, 10, 10, 155
170, 120, 10, 10, 155
180, 130, 10, 10, 155
190, 140, 10, 10, 155
200, 150, 10, 10, 155
210, 160, 10, 10, 155
220, 170, 10, 10, 155
230, 180, 10, 10, 155
240, 190, 10, 10, 155
250, 200, 10, 10, 155
260, 210, 10, 10, 155
270, 220, 10, 10, 155
280, 230, 10, 10, 155
290, 240, 10, 10, 155
300, 250, 10, 10, 155
310, 260, 10, 10, 155
320, 270, 10, 10, 155
330, 280, 10, 10, 155
340, 290, 10, 10, 155
350, 300, 10, 10, 155
360, 310, 10, 10, 155
370, 320, 10, 10, 155
380, 330, 10, 10, 155
390, 340, 10, 10, 155
400, 350, 10, 10, 155
410, 360, 10, 10, 155
420, 370, 10, 10, 170
430, 380, 10, 10, 185
440, 390, 10, 10, 200
450, 400, 10, 10, 215
460, 410, 10, 10, 230
470, 420, 10, 10, 245
480, 430, 10, 10, 260
490, 440, 10, 10, 275
500, 450, 10, 10, 290
510, 460, 10, 10, 305
520, 470, 10, 10, 305
530, 480, 10, 10, 305
540, 490, 10, 10, 305
550, 500, 10, 10, 305
560, 510, 10, 10, 305
570, 520, 10, 10, 305
580, 530, 10, 10, 305
590, 540, 10, 10, 305
600, 550, 10, 10, 305
610, 560, 10, 10, 305
620, 570, 10, -10, 305
630, 560, 10, -10, 305
640, 550, 10, -10, 305
650, 540, 10, -10, 305
660, 530, 10, -10, 305
670, 520, 10, -10, 305
680, 510, 10, -10, 305
690, 500, 10, -10, 305
700, 490, 10, -10, 305
710, 480, 10, -10, 305
720, 470, 10, -10, 305
730, 460, 10, -10, 305
740, 450, 10, -10, 305
750, 440, 10, -10, 305
760, 430, 10, -10, 305
770, 420, 10, -10, 305
780, 410, 10, -10, 305
790, 400, 10, -10, 305
800, 390, 10, -10, 305
810, 380, 10, -10, 305
820, 370, 10, -10, 305
830, 360, 10, -10, 305
840, 350, 10, -10, 305
850, 340, 10, -10, 305
860, 330, 10, -10, 305
870, 320, 10, -10, 305
880, 310, 10, -10, 290
890, 300, 10, -10, 275
900, 290, 10, -10, 260
910, 280, 10, -10, 245
920, 270, 10, -10, 230
930, 260, 10, -10, 215
940, 250, 10, -10, 200
950, 240, 10, -10, 185
960, 230, 10, -10, 170
970, 220, 10, -10, 155
980, 210, 10, -10, 140
990, 200, 10, -10, 125
1000, 190, 10, -10, 110
1010, 180, 10, -10, 95
1020, 170, 10, -10, 80
1030, 160, 10, -10, 65
1040, 150, 10, -10, 50
1050, 140, 10, -10, 35
1060, 130, 10, -10, 35
1070, 120, 10, -10, 35
1080, 110, 10, -10, 35
1090, 100, 10, -10, 35
1100, 90, 10, -10, 35
1110, 80, 10, -10, 35
1120, 70, 10, -10, 35
1130, 60, 10, -10, 35
1140, 50, 10, -10, 35
1150, 40, 10, -10, 35
1160, 30, 10, 10, 35
1170, 40, 10, 10, 35
1180, 50, 10, 10, 35
1190, 60, -10, 10, 35
1180, 70, -10, 10, 35
1170, 80, -10, 10, 35
1160, 90, -10, 10, 35
1150, 100, -10, 10, 35
1140, 110, -10, 10, 35
1130, 120, -10, 10, 35
1120, 130, -10, 10, 35
1110, 140, -10, 10, 35
1100, 150, -10, 10, 35
1090, 160, -10, 10, 35
1080, 170, -10, 10, 35
1070, 180, -10, 10, 35
1060, 190, -10, 10, 35
1050, 200, -10, 10, 35
1040, 210, -10, 10, 35
1030, 220, -10, 10, 35
1020, 230, -10, 10, 35
1010, 240, -10, 10, 35
1000, 250, -10, 10, 35
990, 260, -10, 10, 35
980, 270, -10, 10, 35
970, 280, -10, 10, 35
960, 290, -10, 10, 35
950, 300, -10, 10, 50
940, 310, -10, 10, 65
930, 320, -10, 10, 80
920, 330, -10, 10, 95
910, 340, -10, 10, 110
900, 350, -10, 10, 125
890, 360, -10, 10, 140
880, 370, -10, 10, 155
870, 380, -10, 10, 170
860, 390, -10, 10, 185
850, 400, -10, 10, 200
840, 410, -10, 10, 215
830, 420, -10, 10, 230
820, 430, -10, 10, 245
810, 440, -10, 10, 260
800, 450, -10, 10, 275
790, 460, -10, 10, 290
780, 470, -10, 10, 305
770, 480, -10, 10, 320
760, 490, -10, 10, 335
750, 500, -10, 10, 350
740, 510, -10, 10, 365
730, 520, -10, 10, 380
720, 530, -10, 10, 395
710, 540, -10, 10, 410
700, 550, -10, 10, 425
690, 560, -10, 10, 440
680, 570, -10, -10, 455
670, 560, -10, -10, 470
660, 550, -10, -10, 485
650, 540, -10, -10, 500
640, 530, -10, -10, 500
630, 520, -10, -10, 500
620, 510, -10, -10, 500
610, 500, -10, -10, 500
600, 490, -10, -10, 500
590, 480, -10, -10, 500
580, 470, -10, -10, 500
570, 460, -10, -10, 500
560, 450, -10, -10, 500
550, 440, -10, -10, 500
540, 430, -10, -10, 500
530, 420, -10, -10, 500
520, 410, -10, -10, 500
510, 400, -10, -10, 485
500, 390, -10, -10, 470
490, 380, -10, -10, 455
480, 370, -10, -10, 440
470, 360, -10, -10, 425
460, 350, -10, -10, 410
450, 340, -10, -10, 395
440, 330, -10, -10, 380
430, 320, -10, -10, 365
420, 310, -10, -10, 350
410, 300, -10, -10, 335
400, 290, -10, -10, 320
390, 280, -10, -10, 305
380, 270, -10, -10, 290
370, 260, -10, -10, 275
360, 250, -10, -10, 260
350, 240, -10, -10, 245
340, 230, -10, -10, 230
330, 220, -10, -10, 215
320, 210, -10, -10, 200
310, 200, -10, -10, 185
300, 190, -10, -10, 170
290, 180, -10, -10, 155
280, 170, -10, -10, 140
270, 160, -10, -10, 125
260, 150, -10, -10, 110
250, 140, -10, -10, 95
240, 130, -10, -10, 80
230, 120, -10, -10, 65
220, 110, -10, -10, 50
210, 100, -10, -10, 35
200, 90, -10, -10, 20
190, 80, -10, -10, 20
180, 70, -10, -10, 20
170, 60, -10, -10, 20
160, 50, -10, -10, 20
150, 40, -10, -10, 20
140, 30, -10, 10, 20
130, 40, -10, 10, 20
120, 50, -10, 10, 20
110, 60, -10, 10, 20
100, 70, -10, 10, 20
90, 80, -10, 10, 20
80, 90, -10, 10, 35
70, 100, -10, 10, 50
60, 110, -10, 10, 65
50, 120, -10, 10, 80
40, 130, -10, 10, 95
30, 140, 10, 10, 110
40, 150, 10, 10, 125
50, 160, 10, 10, 140
60, 170, 10, 10, 155
70, 180, 10, 10, 170
80, 190, 10, 10, 185
90, 200, 10, 10, 200
100, 210, 10, 10, 215
110, 220, 10, 10, 230
120, 230, 10, 10, 245
130, 240, 10, 10, 260
140, 250, 10, 10, 275
150, 260, 10, 10, 290
160, 270, 10, 10, 305
170, 280, 10, 10, 320
180, 290, 10, 10, 335
190, 300, 10, 10, 350
200, 310, 10, 10, 365
210, 320, 10, 10, 380
220, 330, 10, 10, 395
230, 340, 10, 10, 410
240, 350, 10, 10, 425
250, 360, 10, 10, 440
260, 370, 10, 10, 455
270, 380, 10, 10, 470
280, 390, 10, 10, 485
290, 400, 10, 10, 500
300, 410, 10, 10, 500
310, 420, 10, 10, 500
320, 430, 10, 10, 500
330, 440, 10, 10, 500
340, 450, 10, 10, 500
350, 460, 10, 10, 500
360, 470, 10, 10, 500
370, 480, 10, 10, 500
380, 490, 10, 10, 485
390, 500, 10, 10, 470
400, 510, 10, 10, 455
410, 520, 10, 10, 440
420, 530, 10, 10, 425
430, 540, 10, 10, 410
440, 550, 10, 10, 395
450, 560, 10, 10, 380
460, 570, 10, -10, 365
470, 560, 10, -10, 350
480, 550, 10, -10, 335
490, 540, 10, -10, 320
500, 530, 10, -10, 305
510, 520, 10, -10, 290
520, 510, 10, -10, 275
530, 500, 10, -10, 260
540, 490, 10, -10, 245
550, 480, 10, -10, 230
560, 470, 10, -10, 230
570, 460, 10, -10, 230
580, 450, 10, -10, 230
590, 440, 10, -10, 230
600, 430, 10, -10, 230
610, 420, 10, -10, 230
620, 410, 10, -10, 230
630, 400, 10, -10, 230
640, 390, 10, -10, 230
650, 380, 10, -10, 230
660, 370, 10, -10, 230
670, 360, 10, -10, 230
680, 350, 10, -10, 230
690, 340, 10, -10, 230
700, 330, 10, -10, 230
710, 320, 10, -10, 230
720, 310, 10, -10, 230
730, 300, 10, -10, 230
740, 290, 10, -10, 230
750, 280, 10, -10, 230
760, 270, 10, -10, 230
770, 260, 10, -10, 230
780, 250, 10, -10, 230
790, 240, 10, -10, 230
800, 230, 10, -10, 230
810, 220, 10, -10, 215
820, 210, 10, -10, 200
830, 200, 10, -10, 185
840, 190, 10, -10, 170
850, 180, 10, -10, 155
860, 170, 10, -10, 140
870, 160, 10, -10, 125
880, 150, 10, -10, 110
890, 140, 10, -10, 95
900, 130, 10, -10, 80
910, 120, 10, -10, 65
920, 110, 10, -10, 50
930, 100, 10, -10, 35
940, 90, 10, -10, 35
950, 80, 10, -10, 35
960, 70, 10, -10, 35
970, 60, 10, -10, 35
980, 50, 10, -10, 35
990, 40, 10, -10, 35
1000, 30, 10, 10, 35
1010, 40, 10, 10, 35
1020, 50, 10, 10, 35
1030, 60, 10, 10, 35
1040, 70, 10, 10, 35
1050, 80, 10, 10, 50
1060, 90, 10, 10, 65
1070, 100, 10, 10, 80
1080, 110, 10, 10, 95
1090, 120, 10, 10, 110
1100, 130, 10, 10, 125
1110, 140, 10, 10, 140
1120, 150, 10, 10, 140
1130, 160, 10, 10, 155
1140, 170, 10, 10, 170
1150, 180, 10, 10, 185
1160, 190, 10, 10, 200
1170, 200, 10, 10, 215
1180, 210, 10, 10, 230
1190, 220, -10, 10, 230
1180, 230, -10, 10, 230
1170, 240, -10, 10, 230
1160, 250, -10, 10, 230
1150, 260, -10, 10, 230
1140, 270, -10, 10, 230
1130, 280, -10, 10, 230
1120, 290, -10, 10, 230
1110, 300, -10, 10, 230
1100, 310, -10, 10, 230
1090, 320, -10, 10, 230
1080, 330, -10, 10, 230
1070, 340, -10, 10, 230
1060, 350, -10, 10, 230
1050, 360, -10, 10, 230
1040, 370, -10, 10, 230
1030, 380, -10, 10, 230
1020, 390, -10, 10, 230
1010, 400, -10, 10, 230
1000, 410, -10, 10, 230
990, 420, -10, 10, 230
980, 430, -10, 10, 230
970, 440, -10, 10, 230
960, 450, -10, 10, 230
950, 460, -10, 10, 230
940, 470, -10, 10, 230
930, 480, -10, 10, 230
920, 490, -10, 10, 230
910, 500, -10, 10, 230
900, 510, -10, 10, 230
890, 520, -10, 10, 230
880, 530, -10, 10, 230
870, 540, -10, 10, 230
860, 550, -10, 10, 230
850, 560, -10, 10, 230
840, 570, -10, -10, 230
830, 560, -10, -10, 230
820, 550, -10, -10, 230
810, 540, -10, -10, 230
800, 530, -10, -10, 230
790, 520, -10, -10, 215
780, 510, -10, -10, 200
770, 500, -10, -10, 200
760, 490, -10, -10, 200
750, 480, -10, -10, 200
740, 470, -10, -10, 200
730, 460, -10, -10, 200
720, 450, -10, -10, 200
710, 440, -10, -10, 200
700, 430, -10, -10, 200
690, 420, -10, -10, 200
680, 410, -10, -10, 200
670, 400, -10, -10, 200
660, 390, -10, -10, 200
650, 380, -10, -10, 200
640, 370, -10, -10, 200
630, 360, -10, -10, 200
620, 350, -10, -10, 200
610, 340, -10, -10, 200
600, 330, -10, -10, 200
590, 320, -10, -10, 200
580, 310, -10, -10, 200
570, 300, -10, -10, 200
560, 290, -10, -10, 200
550, 280, -10, -10, 200
540, 270, -10, -10, 200
530, 260, -10, -10, 200
520, 250, -10, -10, 200
510, 240, -10, -10, 200
500, 230, -10, -10, 200
490, 220, -10, -10, 200
480, 210, -10, -10, 200
470, 200, -10, -10, 200
460, 190, -10, -10, 200
450, 180, -10, -10, 200
440, 170, -10, -10, 200
430, 160, -10, -10, 200
420, 150, -10, -10, 200
410, 140, -10, -10, 200
400, 130, -10, -10, 200
390, 120, -10, -10, 200
380, 110, -10, -10, 200
370, 100, -10, -10, 200
360, 90, -10, -10, 200
350, 80, -10, -10, 200
340, 70, -10, -10, 200
330, 60, -10, -10, 200
320, 50, -10, -10, 200
310, 40, -10, -10, 200
300, 30, -10, 10, 200
290, 40, -10, 10, 200
280, 50, -10, 10, 200
270, 60, -10, 10, 200
260, 70, -10, 10, 200
250, 80, -10, 10, 200
240, 90, -10, 10, 200
230, 100, -10, 10, 200
220, 110, -10, 10, 200
210, 120, -10, 10, 200
200, 130, -10, 10, 200
190, 140, -10, 10, 200
180, 150, -10, 10, 200
170, 160, -10, 10, 200
160, 170, -10, 10, 200
150, 180, -10, 10, 200
140, 190, -10, 10, 200
130, 200, -10, 10, 200
120, 210, -10, 10, 200
110, 220, -10, 10, 200
100, 230, -10, 10, 200
90, 240, -10, 10, 200
80, 250, -10, 10, 200
70, 260, -10, 10, 200
60, 270, -10, 10, 200
50, 280, -10, 10, 200
40, 290, -10, 10, 200
30, 300, 10, 10, 200
40, 310, 10, 10, 200
50, 320, 10, 10, 200
60, 330, 10, 10, 200
70, 340, 10, 10, 200
80, 350, 10, 10, 200
90, 360, 10, 10, 200
100, 370, 10, 10, 200
110, 380, 10, 10, 200
120, 390, 10, 10, 200
130, 400, 10, 10, 200
140, 410, 10, 10, 200
150, 420, 10, 10, 215
160, 430, 10, 10, 230
170, 440, 10, 10, 245
180, 450, 10, 10, 260
190, 460, 10, 10, 275
200, 470, 10, 10, 290
210, 480, 10, 10, 305
220, 490, 10, 10, 320
230, 500, 10, 10, 320
240, 510, 10, 10, 320
250, 520, 10, 10, 320
260, 530, 10, 10, 320
270, 540, 10, 10, 320
280, 550, 10, 10, 320
290, 560, 10, 10, 320
300, 570, 10, -10, 320
310, 560, 10, -10, 320
320, 550, 10, -10, 320
330, 540, 10, -10, 320
340, 530, 10, -10, 320
350, 520, 10, -10, 320
360, 510, 10, -10, 320
370, 500, 10, -10, 320
380, 490, 10, -10, 320
390, 480, 10, -10, 320
400, 470, 10, -10, 320
410, 460, 10, -10, 320
420, 450, 10, -10, 320
430, 440, 10, -10, 320
440, 430, 10, -10, 320
450, 420, 10, -10, 320
460, 410, 10, -10, 320
470, 400, 10, -10, 320
480, 390, 10, -10, 320
490, 380, 10, -10, 320
500, 370, 10, -10, 320
510, 360, 10, -10, 320
520, 350, 10, -10, 305
530, 340, 10, -10, 290
540, 330, 10, -10, 275
550, 320, 10, -10, 260
560, 310, 10, -10, 245
570, 300, 10, -10, 230
580, 290, 10, -10, 215
590, 280, 10, -10, 200
600, 270, 10, -10, 185
610, 260, 10, -10, 170
620, 250, 10, -10, 155
630, 240, 10, -10, 140
640, 230, 10, -10, 125
650, 220, 10, -10, 110
660, 210, 10, -10, 95
670, 200, 10, -10, 95
680, 190, 10, -10, 95
690, 180, 10, -10, 95
700, 170, 10, -10, 95
710, 160, 10, -10, 95
720, 150, 10, -10, 95
730, 140, 10, -10, 95
740, 130, 10, -10, 95
750, 120, 10, -10, 95
760, 110, 10, -10, 95
770, 100, 10, -10, 95
780, 90, 10, -10, 95
790, 80, 10, -10, 95
800, 70, 10, -10, 95
810, 60, 10, -10, 95
820, 50, 10, -10, 95
830, 40, 10, -10, 95
840, 30, 10, 10, 95
850, 40, 10, 10, 95
860, 50, 10, 10, 95
870, 60, 10, 10, 95
880, 70, 10, 10, 95
890, 80, 10, 10, 95
900, 90, 10, 10, 95
910, 100, 10, 10, 95
920, 110, 10, 10, 110
930, 120, 10, 10, 125
940, 130, 10, 10, 140
950, 140, 10, 10, 155
960, 150, 10, 10, 170
970, 160, 10, 10, 185
980, 170, 10, 10, 200
990, 180, 10, 10, 215
1000, 190, 10, 10, 230
1010, 200, 10, 10, 245
1020, 210, 10, 10, 260
1030, 220, 10, 10, 275
1040, 230, 10, 10, 290
1050, 240, 10, 10, 305
1060, 250, 10, 10, 320
1070, 260, 10, 10, 320
1080, 270, 10, 10, 320
1090, 280, 10, 10, 320
1100, 290, 10, 10, 320
1110, 300, 10, 10, 320
1120, 310, 10, 10, 320
1130, 320, 10, 10, 320
1140, 330, 10, 10, 320
1150, 340, 10, 10, 320
1160, 350, 10, 10, 320
1170, 360, 10, 10, 320
1180, 370, 10, 10, 320
1190, 380, -10, 10, 320
1180, 390, -10, 10, 320
1170, 400, -10, 10, 320
1160, 410, -10, 10, 320
1150, 420, -10, 10, 320
1140, 430, -10, 10, 320
1130, 440, -10, 10, 320
1120, 450, -10, 10, 320
1110, 460, -10, 10, 320
1100, 470, -10, 10, 320
1090, 480, -10, 10, 320
1080, 490, -10, 10, 320
1070, 500, -10, 10, 320
1060, 510, -10, 10, 320
1050, 520, -10, 10, 320
1040, 530, -10, 10, 320
1030, 540, -10, 10, 320
1020, 550, -10, 10, 320
1010, 560, -10, 10, 320
1000, 570, -10, -10, 320
990, 560, -10, -10, 320
980, 550, -10, -10, 320
970, 540, -10, -10, 320
960, 530, -10, -10, 320
950, 520, -10, -10, 320
940, 510, -10, -10, 320
930, 500, -10, -10, 320
920, 490, -10, -10, 320
910, 480, -10, -10, 320
900, 470, -10, -10, 320
890, 460, -10, -10, 320
880, 450, -10, -10, 320
870, 440, -10, -10, 320
860, 430, -10, -10, 320
850, 420, -10, -10, 320
840, 410, -10, -10, 320
830, 400, -10, -10, 320
820, 390, -10, -10, 320
810, 380, -10, -10, 320
800, 370, -10, -10, 320
790, 360, -10, -10, 320
780, 350, -10, -10, 320
770, 340, -10, -10, 320
760, 330, -10, -10, 320
750, 320, -10, -10, 320
740, 310, -10, -10, 320
730, 300, -10, -10, 320
720, 290, -10, -10, 320
710, 280, -10, -10, 320
700, 270, -10, -10, 320
690, 260, -10, -10, 320
680, 250, -10, -10, 320
670, 240, -10, -10, 320
660, 230, -10, -10, 320
650, 220, -10, -10, 320
640, 210, -10, -10, 320
630, 200, -10, -10, 320
620, 190, -10, -10, 320
610, 180, -10, -10, 320
600, 170, -10, -10, 320
590, 160, -10, -10, 320
580, 150, -10, -10, 335
570, 140, -10, -10, 350
560, 130, -10, -10, 365
550, 120, -10, -10, 380
540, 110, -10, -10, 395
530, 100, -10, -10, 410
520, 90, -10, -10, 425
510, 80, -10, -10, 440
500, 70, -10, -10, 440
490, 60, -10, -10, 440
480, 50, -10, -10, 440
470, 40, -10, -10, 440
460, 30, -10, 10, 440
450, 40, -10, 10, 440
440, 50, -10, 10, 440
430, 60, -10, 10, 440
420, 70, -10, 10, 440
410, 80, -10, 10, 440
400, 90, -10, 10, 440
390, 100, -10, 10, 440
380, 110, -10, 10, 440
370, 120, -10, 10, 425
360, 130, -10, 10, 410
350, 140, -10, 10, 395
340, 150, -10, 10, 380
330, 160, -10, 10, 365
320, 170, -10, 10, 350
310, 180, -10, 10, 350
300, 190, -10, 10, 350
290, 200, -10, 10, 350
280, 210, -10, 10, 350
270, 220, -10, 10, 350
260, 230, -10, 10, 350
250, 240, -10, 10, 350
240, 250, -10, 10, 350
230, 260, -10, 10, 350
220, 270, -10, 10, 350
210, 280, -10, 10, 350
200, 290, -10, 10, 350
190, 300, -10, 10, 350
180, 310, -10, 10, 350
170, 320, -10, 10, 350
160, 330, -10, 10, 350
150, 340, -10, 10, 350
140, 350, -10, 10, 350
130, 360, -10, 10, 350
120, 370, -10, 10, 350
110, 380, -10, 10, 350
100, 390, -10, 10, 350
90, 400, -10, 10, 350
80, 410, -10, 10, 350
70, 420, -10, 10, 350
60, 430, -10, 10, 350
50, 440, -10, 10, 350
40, 450, -10, 10, 350
30, 460, 10, 10, 350
40, 470, 10, 10, 350
50, 480, 10, 10, 350
60, 490, 10, 10, 350
70, 500, 10, 10, 350
80, 510, 10, 10, 350
90, 520, 10, 10, 350
100, 530, 10, 10, 350
110, 540, 10, 10, 350
120, 550, 10, 10, 350
130, 560, 10, 10, 350
140, 570, 10, -10, 350
150, 560, 10, -10, 350
160, 550, 10, -10, 350
170, 540, 10, -10, 350
180, 530, 10, -10, 350
190, 520, 10, -10, 350
200, 510, 10, -10, 350
210, 500, 10, -10, 350
220, 490, 10, -10, 350
230, 480, 10, -10, 350
240, 470, 10, -10, 350
250, 460, 10, -10, 350
260, 450, 10, -10, 350
270, 440, 10, -10, 350
280, 430, 10, -10, 350
290, 420, 10, -10, 350
300, 410, 10, -10, 350
310, 400, 10, -10, 350
320, 390, 10, -10, 350
330, 380, 10, -10, 350
340, 370, 10, -10, 350
350, 360, 10, -10, 350
360, 350, 10, -10, 350
370, 340, 10, -10, 350
380, 330, 10, -10, 350
390, 320, 10, -10, 350
400, 310, 10, -10, 350
410, 300, 10, -10, 350
420, 290, 10, -10, 350
430, 280, 10, -10, 350
440, 270, 10, -10, 335
450, 260, 10, -10, 320
460, 250, 10, -10, 305
470, 240, 10, -10, 290
480, 230, 10, -10, 275
490, 220, 10, -10, 260
500, 210, 10, -10, 245
510, 200, 10, -10, 230
520, 190, 10, -10, 230
530, 180, 10, -10, 230
540, 170, 10, -10, 230
550, 160, 10, -10, 230
560, 150, 10, -10, 230
570, 140, 10, -10, 230
580, 130, 10, -10, 230
590, 120, 10, -10, 230
600, 110, 10, -10, 230
610, 100, 10, -10, 230
620, 90, 10, -10, 230
630, 80, 10, -10, 230
640, 70, 10, -10, 230
650, 60, 10, -10, 230
660, 50, 10, -10, 230
670, 40, 10, -10, 230
680, 30, 10, 10, 230
690, 40, 10, 10, 230
700, 50, 10, 10, 230
710, 60, 10, 10, 230
720, 70, 10, 10, 230
730, 80, 10, 10, 230
740, 90, 10, 10, 230
750, 100, 10, 10, 230
760, 110, 10, 10, 230
770, 120, 10, 10, 230
780, 130, 10, 10, 230
790, 140, 10, 10, 230
800, 150, 10, 10, 230
810, 160, 10, 10, 230
820, 170, 10, 10, 230
830, 180, 10, 10, 245
840, 190, 10, 10, 260
850, 200, 10, 10, 275
860, 210, 10, 10, 290
870, 220, 10, 10, 305
880, 230, 10, 10, 320
890, 240, 10, 10, 335
900, 250, 10, 10, 350
910, 260, 10, 10, 365
920, 270, 10, 10, 380
930, 280, 10, 10, 395
940, 290, 10, 10, 410
950, 300, 10, 10, 425
960, 310, 10, 10, 425
970, 320, 10, 10, 425
980, 330, 10, 10, 425
990, 340, 10, 10, 425
1000, 350, 10, 10, 425
1010, 360, 10, 10, 425
1020, 370, 10, 10, 425
1030, 380, 10, 10, 425
1040, 390, 10, 10, 425
1050, 400, 10, 10, 425
1060, 410, 10, 10, 425
1070, 420, 10, 10, 425
1080, 430, 10, 10, 425
1090, 440, 10, 10, 425
1100, 450, 10, 10, 440
1110, 460, 10, 10, 455
1120, 470, 10, 10, 470
1130, 480, 10, 10, 485
1140, 490, 10, 10, 500
1150, 500, 10, 10, 500
1160, 510, 10, 10, 500
1170, 520, 10, 10, 500
1180, 530, 10, 10, 500
1190, 540, -10, 10, 500
1180, 550, -10, 10, 500
1170, 560, -10, 10, 500
1160, 570, -10, -10, 500
1150, 560, -10, -10, 500
1140, 550, -10, -10, 500
1130, 540, -10, -10, 500
1120, 530, -10, -10, 500
1110, 520, -10, -10, 500
1100, 510, -10, -10, 500
1090, 500, -10, -10, 500
1080, 490, -10, -10, 500
1070, 480, -10, -10, 500
1060, 470, -10, -10, 500
1050, 460, -10, -10, 500
1040, 450, -10, -10, 500
1030, 440, -10, -10, 500
1020, 430, -10, -10, 500
1010, 420, -10, -10, 500
1000, 410, -10, -10, 500
990, 400, -10, -10, 500
980, 390, -10, -10, 500
970, 380, -10, -10, 500
960, 370, -10, -10, 500
950, 360, -10, -10, 500
940, 350, -10, -10, 500
930, 340, -10, -10, 500
920, 330, -10, -10, 500
910, 320, -10, -10, 500
900, 310, -10, -10, 500
890, 300, -10, -10, 500
880, 290, -10, -10, 500
870, 280, -10, -10, 500
860, 270, -10, -10, 500
850, 260, -10, -10, 500
840, 250, -10, -10, 500
830, 240, -10, -10, 500
820, 230, -10, -10, 500
810, 220, -10, -10, 500
800, 210, -10, -10, 500
790, 200, -10, -10, 500
780, 190, -10, -10, 500
770, 180, -10, -10, 500
760, 170, -10, -10, 500
750, 160, -10, -10, 500
740, 150, -10, -10, 500
730, 140, -10, -10, 500
720, 130, -10, -10, 500
710, 120, -10, -10, 500
700, 110, -10, -10, 500
690, 100, -10, -10, 500
680, 90, -10, -10, 500
670, 80, -10, -10, 500
660, 70, -10, -10, 500
650, 60, -10, -10, 500
640, 50, -10, -10, 500
630, 40, -10, -10, 500
620, 30, -10, 10, 500
610, 40, -10, 10, 500
600, 50, -10, 10, 500
590, 60, -10, 10, 500
580, 70, -10, 10, 500
570, 80, -10, 10, 500
560, 90, -10, 10, 500
550, 100, -10, 10, 500
540, 110, -10, 10, 500
530, 120, -10, 10, 500
520, 130, -10, 10, 500
510, 140, -10, 10, 500
500, 150, -10, 10, 500
490, 160, -10, 10, 500
480, 170, -10, 10, 500
470, 180, -10, 10, 500
460, 190, -10, 10, 500
450, 200, -10, 10, 500
440, 210, -10, 10, 500
430, 220, -10, 10, 500
420, 230, -10, 10, 500
410, 240, -10, 10, 500
400, 250, -10, 10, 500
390, 260, -10, 10, 500
380, 270, -10, 10, 500
370, 280, -10, 10, 500
360, 290, -10, 10, 500
350, 300, -10, 10, 500
340, 310, -10, 10, 500
330, 320, -10, 10, 500
320, 330, -10, 10, 500
310, 340, -10, 10, 500
300, 350, -10, 10, 500
290, 360, -10, 10, 500
280, 370, -10, 10, 500
270, 380, -10, 10, 500
260, 390, -10, 10, 500
250, 400, -10, 10, 500
240, 410, -10, 10, 500
230, 420, -10, 10, 500
220, 430, -10, 10, 500
210, 440, -10, 10, 500
200, 450, -10, 10, 500
190, 460, -10, 10, 500
180, 470, -10, 10, 500
170, 480, -10, 10, 500
160, 490, -10, 10, 500
150, 500, -10, 10, 500
140, 510, -10, 10, 500
130, 520, -10, 10, 500
120, 530, -10, 10, 500
110, 540, -10, 10, 500
100, 550, -10, 10, 500
90, 560, -10, 10, 500
80, 570, -10, -10, 500
70, 560, -10, -10, 500
60, 550, -10, -10, 500
50, 540, -10, -10, 500
40, 530, -10, -10, 500
30, 520, 10, -10, 500
40, 510, 10, -10, 500
50, 500, 10, -10, 500
60, 490, 10, -10, 500
70, 480, 10, -10, 500
80, 470, 10, -10, 500
90, 460, 10, -10, 500
100, 450, 10, -10, 500
110, 440, 10, -10, 500
120, 430, 10, -10, 500
130, 420, 10, -10, 500
140, 410, 10, -10, 500
150, 400, 10, -10, 500
160, 390, 10, -10, 500
170, 380, 10, -10, 500
180, 370, 10, -10, 500
190, 360, 10, -10, 500
200, 350, 10, -10, 500
210, 340, 10, -10, 500
220, 330, 10, -10, 500
230, 320, 10, -10, 485
240, 310, 10, -10, 470
250, 300, 10, -10, 455
260, 290, 10, -10, 440
270, 280, 10, -10, 425
280, 270, 10, -10, 410
290, 260, 10, -10, 395
300, 250, 10, -10, 380
310, 240, 10, -10, 365
320, 230, 10, -10, 350
330, 220, 10, -10, 335
340, 210, 10, -10, 320
350, 200, 10, -10, 305
360, 190, 10, -10, 290
370, 180, 10, -10, 275
380, 170, 10, -10, 260
390, 160, 10, -10, 245
400, 150, 10, -10, 245
410, 140, 10, -10, 245
420, 130, 10, -10, 245
430, 120, 10, -10, 245
440, 110, 10, -10, 245
450, 100, 10, -10, 245
460, 90, 10, -10, 245
470, 80, 10, -10, 245
480, 70, 10, -10, 245
490, 60, 10, -10, 245
500, 50, 10, -10, 245
510, 40, 10, -10, 245
520, 30, 10, 10, 245
530, 40, 10, 10, 245
540, 50, 10, 10, 245
550, 60, 10, 10, 245
560, 70, 10, 10, 245
570, 80, 10, 10, 245
580, 90, 10, 10, 245
590, 100, 10, 10, 245
600, 110, 10, 10, 245
610, 120, 10, 10, 245
620, 130, 10, 10, 245
630, 140, 10, 10, 245
640, 150, 10, 10, 245
650, 160, 10, 10, 245
660, 170, 10, 10, 245
670, 180, 10, 10, 260
680, 190, 10, 10, 275
690, 200, 10, 10, 290
700, 210, 10, 10, 305
710, 220, 10, 10, 320
720, 230, 10, 10, 335
730, 240, 10, 10, 350
740, 250, 10, 10, 365
750, 260, 10, 10, 380
760, 270, 10, 10, 395
770, 280, 10, 10, 410
780, 290, 10, 10, 425
790, 300, 10, 10, 440
800, 310, 10, 10, 455
810, 320, 10, 10, 470
820, 330, 10, 10, 470
830, 340, 10, 10, 470
840, 350, 10, 10, 470
850, 360, 10, 10, 470
860, 370, 10, 10, 470
870, 380, 10, 10, 470
880, 390, 10, 10, 470
890, 400, 10, 10, 470
900, 410, 10, 10, 470
910, 420, 10, 10, 470
920, 430, 10, 10, 470
930, 440, 10, 10, 470
940, 450, 10, 10, 470
950, 460, 10, 10, 470
960, 470, 10, 10, 470
970, 480, 10, 10, 470
980, 490, 10, 10, 470
990, 500, 10, 10, 470
1000, 510, 10, 10, 470
1010, 520, 10, 10, 470
1020, 530, 10, 10, 470
1030, 540, 10, 10, 470
1040, 550, 10, 10, 470
1050, 560, 10, 10, 470
1060, 570, 10, -10, 470
1070, 560, 10, -10, 470
1080, 550, 10, -10, 470
1090, 540, 10, -10, 470
1100, 530, 10, -10, 470
1110, 520, 10, -10, 470
1120, 510, 10, -10, 470
1130, 500, 10, -10, 470
1140, 490, 10, -10, 470
1150, 480, 10, -10, 470
1160, 470, 10, -10, 470
1170, 460, 10, -10, 455
1180, 450, 10, -10, 440
1190, 440, -10, -10, 425
1180, 430, -10, -10, 410
1170, 420, -10, -10, 395
1160, 410, -10, -10, 380
1150, 400, -10, -10, 365
1140, 390, -10, -10, 350
1130, 380, -10, -10, 335
1120, 370, -10, -10, 320
1110, 360, -10, -10, 305
1100, 350, -10, -10, 290
1090, 340, -10, -10, 275
1080, 330, -10, -10, 275
1070, 320, -10, -10, 275
1060, 310, -10, -10, 275
1050, 300, -10, -10, 275
1040, 290, -10, -10, 275
1030, 280, -10, -10, 275
1020, 270, -10, -10, 275
1010, 260, -10, -10, 275
1000, 250, -10, -10, 275
990, 240, -10, -10, 275
980, 230, -10, -10, 275
970, 220, -10, -10, 275
960, 210, -10, -10, 275
950, 200, -10, -10, 275
940, 190, -10, -10, 275
930, 180, -10, -10, 275
920, 170, -10, -10, 275
910, 160, -10, -10, 275
900, 150, -10, -10, 275
890, 140, -10, -10, 275
880, 130, -10, -10, 275
870, 120, -10, -10, 275
860, 110, -10, -10, 275
850, 100, -10, -10, 290
840, 90, -10, -10, 305
830, 80, -10, -10, 320
820, 70, -10, -10, 335
810, 60, -10, -10, 350
800, 50, -10, -10, 350
790, 40, -10, -10, 350
780, 30, -10, 10, 350
770, 40, -10, 10, 350
760, 50, -10, 10, 350
750, 60, -10, 10, 335
740, 70, -10, 10, 320
730, 80, -10, 10, 305
720, 90, -10, 10, 290
710, 100, -10, 10, 275
700, 110, -10, 10, 260
690, 120, -10, 10, 245
680, 130, -10, 10, 245
670, 140, -10, 10, 245
660, 150, -10, 10, 245
650, 160, -10, 10, 245
640, 170, -10, 10, 245
630, 180, -10, 10, 245
620, 190, -10, 10, 260
610, 200, -10, 10, 275
600, 210, -10, 10, 290
590, 220, -10, 10, 305
580, 230, -10, 10, 320
570, 240, -10, 10, 335
560, 250, -10, 10, 350
550, 260, -10, 10, 365
540, 270, -10, 10, 380
530, 280, -10, 10, 395
520, 290, -10, 10, 395
510, 300, -10, 10, 395
500, 310, -10, 10, 395
490, 320, -10, 10, 395
480, 330, -10, 10, 395
470, 340, -10, 10, 395
460, 350, -10, 10, 395
450, 360, -10, 10, 395
440, 370, -10, 10, 380
430, 380, -10, 10, 365
420, 390, -10, 10, 350
410, 400, -10, 10, 335
400, 410, -10, 10, 335
390, 420, -10, 10, 335
380, 430, -10, 10, 335
370, 440, -10, 10, 335
360, 450, -10, 10, 335
350, 460, -10, 10, 335
340, 470, -10, 10, 335
330, 480, -10, 10, 335
320, 490, -10, 10, 335
310, 500, -10, 10, 335
300, 510, -10, 10, 335
290, 520, -10, 10, 335
280, 530, -10, 10, 335
270, 540, -10, 10, 335
260, 550, -10, 10, 335
250, 560, -10, 10, 335
240, 570, -10, -10, 335
230, 560, -10, -10, 350
220, 550, -10, -10, 365
210, 540, -10, -10, 380
200, 530, -10, -10, 395
190, 520, -10, -10, 410
180, 510, -10, -10, 425
170, 500, -10, -10, 440
160, 490, -10, -10, 455
150, 480, -10, -10, 455
140, 470, -10, -10, 455
130, 460, -10, -10, 455
120, 450, -10, -10, 455
110, 440, -10, -10, 455
100, 430, -10, -10, 455
90, 420, -10, -10, 455
80, 410, -10, -10, 455
70, 400, -10, -10, 455
60, 390, -10, -10, 455
50, 380, -10, -10, 455
40, 370, -10, -10, 455
30, 360, 10, -10, 455
40, 350, 10, -10, 455
50, 340, 10, -10, 455
60, 330, 10, -10, 455
70, 320, 10, -10, 455
80, 310, 10, -10, 455
90, 300, 10, -10, 455
100, 290, 10, -10, 455
110, 280, 10, -10, 455
120, 270, 10, -10, 455
130, 260, 10, -10, 455
140, 250, 10, -10, 455
150, 240, 10, -10, 455
160, 230, 10, -10, 455
170, 220, 10, -10, 455
180, 210, 10, -10, 455
190, 200, 10, -10, 455
200, 190, 10, -10, 455
210, 180, 10, -10, 455
220, 170, 10, -10, 455
230, 160, 10, -10, 455
240, 150, 10, -10, 455
250, 140, 10, -10, 455
260, 130, 10, -10, 455
270, 120, 10, -10, 455
280, 110, 10, -10, 455
290, 100, 10, -10, 455
300, 90, 10, -10, 455
310, 80, 10, -10, 455
320, 70, 10, -10, 455
330, 60, 10, -10, 455
340, 50, 10, -10, 455
350, 40, 10, -10, 455
360, 30, 10, 10, 455
370, 40, 10, 10, 455
380, 50, 10, 10, 455
390, 60, 10, 10, 455
400, 70, 10, 10, 455
410, 80, 10, 10, 455
420, 90, 10, 10, 440
430, 100, 10, 10, 425
440, 110, 10, 10, 410
450, 120, 10, 10, 395
460, 130, 10, 10, 380
470, 140, 10, 10, 365
480, 150, 10, 10, 350
490, 160, 10, 10, 335
500, 170, 10, 10, 335
510, 180, 10, 10, 335
520, 190, 10, 10, 335
530, 200, 10, 10, 335
540, 210, 10, 10, 335
550, 220, 10, 10, 335
560, 230, 10, 10, 335
570, 240, 10, 10, 335
580, 250, 10, 10, 335
590, 260, 10, 10, 335
600, 270, 10, 10, 335
610, 280, 10, 10, 335
620, 290, 10, 10, 335
630, 300, 10, 10, 335
640, 310, 10, 10, 335
650, 320, 10, 10, 335
660, 330, 10, 10, 335
670, 340, 10, 10, 335
680, 350, 10, 10, 335
690, 360, 10, 10, 335
700, 370, 10, 10, 335
710, 380, 10, 10, 335
720, 390, 10, 10, 335
730, 400, 10, 10, 335
740, 410, 10, 10, 335
750, 420, 10, 10, 335
760, 430, 10, 10, 335
770, 440, 10, 10, 335
780, 450, 10, 10, 335
790, 460, 10, 10, 335
800, 470, 10, 10, 335
810, 480, 10, 10, 335
820, 490, 10, 10, 335
830, 500, 10, 10, 335
840, 510, 10, 10, 335
850, 520, 10, 10, 335
860, 530, 10, 10, 335
870, 540, 10, 10, 335
880, 550, 10, 10, 335
890, 560, 10, 10, 335
900, 570, 10, -10, 335
910, 560, 10, -10, 335
920, 550, 10, -10, 335
930, 540, 10, -10, 335
940, 530, 10, -10, 335
950, 520, 10, -10, 335
960, 510, 10, -10, 335
970, 500, 10, -10, 335
980, 490, 10, -10, 335
990, 480, 10, -10, 335
1000, 470, 10, -10, 335
1010, 460, 10, -10, 335
1020, 450, 10, -10, 335
1030, 440, 10, -10, 335
1040, 430, 10, -10, 335
1050, 420, 10, -10, 335
1060, 410, 10, -10, 335
1070, 400, 10, -10, 335
1080, 390, 10, -10, 335
1090, 380, 10, -10, 320
1100, 370, 10, -10, 305
1110, 360, 10, -10, 290
1120, 350, 10, -10, 275
1130, 340, 10, -10, 260
1140, 330, 10, -10, 245
1150, 320, 10, -10, 230
1160, 310, 10, -10, 215
1170, 300, 10, -10, 215
1180, 290, 10, -10, 215
1190, 280, -10, -10, 215
1180, 270, -10, -10, 215
1170, 260, -10, -10, 215
1160, 250, -10, -10, 215
1150, 240, -10, -10, 215
1140, 230, -10, -10, 215
1130, 220, -10, -10, 215
1120, 210, -10, -10, 215
1110, 200, -10, -10, 215
1100, 190, -10, -10, 215
1090, 180, -10, -10, 215
1080, 170, -10, -10, 215
1070, 160, -10, -10, 215
1060, 150, -10, -10, 215
1050, 140, -10, -10, 215
1040, 130, -10, -10, 215
1030, 120, -10, -10, 215
1020, 110, -10, -10, 215
1010, 100, -10, -10, 215
1000, 90, -10, -10, 215
990, 80, -10, -10, 215
980, 70, -10, -10, 215
970, 60, -10, -10, 215
960, 50, -10, -10, 215
950, 40, -10, -10, 215
940, 30, -10, 10, 215
930, 40, -10, 10, 215
920, 50, -10, 10, 215
910, 60, -10, 10, 215
900, 70, -10, 10, 215
890, 80, -10, 10, 215
880, 90, -10, 10, 215
870, 100, -10, 10, 215
860, 110, -10, 10, 215
850, 120, -10, 10, 215
840, 130, -10, 10, 215
830, 140, -10, 10, 215
820, 150, -10, 10, 215
810, 160, -10, 10, 215
800, 170, -10, 10, 215
790, 180, -10, 10, 215
780, 190, -10, 10, 215
770, 200, -10, 10, 215
760, 210, -10, 10, 215
750, 220, -10, 10, 215
740, 230, -10, 10, 215
730, 240, -10, 10, 215
720, 250, -10, 10, 215
710, 260, -10, 10, 215
700, 270, -10, 10, 215
690, 280, -10, 10, 215
680, 290, -10, 10, 215
670, 300, -10, 10, 215
660, 310, -10, 10, 215
650, 320, -10, 10, 215
640, 330, -10, 10, 215
630, 340, -10, 10, 215
620, 350, -10, 10, 215
610, 360, -10, 10, 215
600, 370, -10, 10, 215
590, 380, -10, 10, 215
580, 390, -10, 10, 215
570, 400, -10, 10, 215
560, 410, -10, 10, 215
550, 420, -10, 10, 215
540, 430, -10, 10, 215
530, 440, -10, 10, 215
520, 450, -10, 10, 215
510, 460, -10, 10, 215
500, 470, -10, 10, 215
490, 480, -10, 10, 215
480, 490, -10, 10, 215
470, 500, -10, 10, 215
460, 510, -10, 10, 215
450, 520, -10, 10, 215
440, 530, -10, 10, 215
430, 540, -10, 10, 215
420, 550, -10, 10, 215
410, 560, -10, 10, 215
400, 570, -10, -10, 215
390, 560, -10, -10, 215
380, 550, -10, -10, 215
370, 540, -10, -10, 215
360, 530, -10, -10, 215
350, 520, -10, -10, 215
340, 510, -10, -10, 215
330, 500, -10, -10, 215
320, 490, -10, -10, 215
310, 480, -10, -10, 215
300, 470, -10, -10, 215
290, 460, -10, -10, 215
280, 450, -10, -10, 215
270, 440, -10, -10, 215
260, 430, -10, -10, 215
250, 420, -10, -10, 215
240, 410, -10, -10, 215
230, 400, -10, -10, 215
220, 390, -10, -10, 215
210, 380, -10, -10, 215
200, 370, -10, -10, 215
190, 360, -10, -10, 215
180, 350, -10, -10, 215
170, 340, -10, -10, 215
160, 330, -10, -10, 215
150, 320, -10, -10, 215
140, 310, -10, -10, 215
130, 300, -10, -10, 215
120, 290, -10, -10, 215
110, 280, -10, -10, 215
100, 270, -10, -10, 215
90, 260, -10, -10, 215
80, 250, -10, -10, 215
70, 240, -10, -10, 215
60, 230, -10, -10, 215
50, 220, -10, -10, 215
40, 210, -10, -10, 215
30, 200, 10, -10, 215
40, 190, 10, -10, 215
50, 180, 10, -10, 215
60, 170, 10, -10, 215
70, 160, 10, -10, 215
80, 150, 10, -10, 215
90, 140, 10, -10, 215
100, 130, 10, -10, 215
110, 120, 10, -10, 215
120, 110, 10, -10, 215
130, 100, 10, -10, 215
140, 90, 10, -10, 215
150, 80, 10, -10, 215
160, 70, 10, -10, 215
170, 60, 10, -10, 215
180, 50, 10, -10, 215
190, 40, 10, -10, 215
200, 30, 10, 10, 215
210, 40, 10, 10, 215
220, 50, 10, 10, 215
230, 60, 10, 10, 215
240, 70, 10, 10, 215
250, 80, 10, 10, 215
260, 90, 10, 10, 215
270, 100, 10, 10, 215
280, 110, 10, 10, 215
290, 120, 10, 10, 215
300, 130, 10, 10, 215
310, 140, 10, 10, 215
320, 150, 10, 10, 215
330, 160, 10, 10, 215
340, 170, 10, 10, 215
350, 180, 10, 10, 215
360, 190, 10, 10, 215
370, 200, 10, 10, 215
380, 210, 10, 10, 215
390, 220, 10, 10, 215
400, 230, 10, 10, 215
410, 240, 10, 10, 215
420, 250, 10, 10, 215
430, 260, 10, 10, 215
440, 270, 10, 10, 215
450, 280, 10, 10, 230
460, 290, 10, 10, 245
470, 300, 10, 10, 260
480, 310, 10, 10, 275
490, 320, 10, 10, 290
500, 330, 10, 10, 305
510, 340, 10, 10, 320
520, 350, 10, 10, 335
530, 360, 10, 10, 335
540, 370, 10, 10, 335
550, 380, 10, 10, 335
560, 390, 10, 10, 335
570, 400, 10, 10, 335
580, 410, 10, 10, 335
590, 420, 10, 10, 335
600, 430, 10, 10, 335
610, 440, 10, 10, 335
620, 450, 10, 10, 335
630, 460, 10, 10, 335
640, 470, 10, 10, 335
650, 480, 10, 10, 335
660, 490, 10, 10, 335
670, 500, 10, 10, 335
680, 510, 10, 10, 335
690, 520, 10, 10, 335
700, 530, 10, 10, 335
710, 540, 10, 10, 335
720, 550, 10, 10, 335
730, 560, 10, 10, 335
740, 570, 10, -10, 335
750, 560, 10, -10, 335
760, 550, 10, -10, 335
770, 540, 10, -10, 335
780, 530, 10, -10, 335
790, 520, 10, -10, 335
800, 510, 10, -10, 335
810, 500, 10, -10, 335
820, 490, 10, -10, 335
830, 480, 10, -10, 335
840, 470, 10, -10, 335
850, 460, 10, -10, 335
860, 450, 10, -10, 335
870, 440, 10, -10, 335
880, 430, 10, -10, 335
890, 420, 10, -10, 335
900, 410, 10, -10, 335
910, 400, 10, -10, 335
920, 390, 10, -10, 335
930, 380, 10, -10, 335
940, 370, 10, -10, 335
950, 360, 10, -10, 335
960, 350, 10, -10, 335
970, 340, 10, -10, 335
980, 330, 10, -10, 335
990, 320, 10, -10, 335
1000, 310, 10, -10, 335
1010, 300, 10, -10, 320
1020, 290, 10, -10, 305
1030, 280, 10, -10, 290
1040, 270, 10, -10, 275
1050, 260, 10, -10, 260
1060, 250, 10, -10, 245
1070, 240, 10, -10, 230
1080, 230, 10, -10, 215
1090, 220, 10, -10, 200
1100, 210, 10, -10, 185
1110, 200, 10, -10, 170
1120, 190, 10, -10, 155
1130, 180, 10, -10, 140
1140, 170, 10, -10, 125
1150, 160, 10, -10, 125
1160, 150, 10, -10, 125
1170, 140, 10, -10, 125
1180, 130, 10, -10, 125
1190, 120, -10, -10, 125
1180, 110, -10, -10, 125
1170, 100, -10, -10, 125
1160, 90, -10, -10, 125
1150, 80, -10, -10, 125
1140, 70, -10, -10, 125
1130, 60, -10, -10, 125
1120, 50, -10, -10, 125
1110, 40, -10, -10, 125
1100, 30, -10, 10, 125
1090, 40, -10, 10, 125
1080, 50, -10, 10, 125
1070, 60, -10, 10, 125
1060, 70, -10, 10, 125
1050, 80, -10, 10, 125
1040, 90, -10, 10, 125
1030, 100, -10, 10, 125
1020, 110, -10, 10, 125
1010, 120, -10, 10, 125
1000, 130, -10, 10, 125
990, 140, -10, 10, 125
980, 150, -10, 10, 125
970, 160, -10, 10, 125
960, 170, -10, 10, 125
950, 180, -10, 10, 125
940, 190, -10, 10, 125
930, 200, -10, 10, 125
920, 210, -10, 10, 125
910, 220, -10, 10, 125
900, 230, -10, 10, 125
890, 240, -10, 10, 125
880, 250, -10, 10, 125
870, 260, -10, 10, 125
860, 270, -10, 10, 125
850, 280, -10, 10, 125
840, 290, -10, 10, 125
830, 300, -10, 10, 125
820, 310, -10, 10, 125
810, 320, -10, 10, 125
800, 330, -10, 10, 125
790, 340, -10, 10, 125
780, 350, -10, 10, 125
770, 360, -10, 10, 125
760, 370, -10, 10, 125
750, 380, -10, 10, 125
740, 390, -10, 10, 125
730, 400, -10, 10, 125
720, 410, -10, 10, 125
710, 420, -10, 10, 125
700, 430, -10, 10, 125
690, 440, -10, 10, 125
680, 450, -10, 10, 125
670, 460, -10, 10, 125
660, 470, -10, 10, 125
650, 480, -10, 10, 125
640, 490, -10, 10, 125
630, 500, -10, 10, 125
620, 510, -10, 10, 125
610, 520, -10, 10, 125
600, 530, -10, 10, 125
590, 540, -10, 10, 125
580, 550, -10, 10, 125
570, 560, -10, 10, 125
560, 570, -10, -10, 125
550, 560, -10, -10, 125
540, 550, -10, -10, 125
530, 540, -10, -10, 125
520, 530, -10, -10, 125
510, 520, -10, -10, 125
500, 510, -10, -10, 125
490, 500, -10, -10, 125
480, 490, -10, -10, 125
470, 480, -10, -10, 125
460, 470, -10, -10, 125
450, 460, -10, -10, 125
440, 450, -10, -10, 125
430, 440, -10, -10, 125
420, 430, -10, -10, 125
410, 420, -10, -10, 125
400, 410, -10, -10, 125
390, 400, -10, -10, 125
380, 390, -10, -10, 125
370, 380, -10, -10, 125
360, 370, -10, -10, 125
350, 360, -10, -10, 125
340, 350, -10, -10, 125
330, 340, -10, -10, 125
320, 330, -10, -10, 125
310, 320, -10, -10, 125
300, 310, -10, -10, 125
290, 300, -10, -10, 125
280, 290, -10, -10, 125
270, 280, -10, -10, 125
260, 270, -10, -10, 125
250, 260, -10, -10, 125
240, 250, -10, -10, 125
230, 240, -10, -10, 125
220, 230, -10, -10, 125
210, 220, -10, -10, 125
200, 210, -10, -10, 125
190, 200, -10, -10, 125
180, 190, -10, -10, 125
170, 180, -10, -10, 125
160, 170, -10, -10, 125
150, 160, -10, -10, 125
140, 150, -10, -10, 125
130, 140, -10, -10, 125
120, 130, -10, -10, 125
110, 120, -10, -10, 125
100, 110, -10, -10, 125
90, 100, -10, -10, 125
80, 90, -10, -10, 125
70, 80, -10, -10, 125
60, 70, -10, -10, 125
50, 60, -10, -10, 125
40, 50, -10, -10, 125
30, 40, 10, -10, 125
40, 30, 10, 10, 125
50, 40, 10, 10, 125
60, 50, 10, 10, 125
70, 60, 10, 10, 125
80, 70, 10, 10, 125
90, 80, 10, 10, 125
100, 90, 10, 10, 125
110, 100, 10, 10, 125
120, 110, 10, 10, 125
130, 120, 10, 10, 125
140, 130, 10, 10, 125
150, 140, 10, 10, 125
160, 150, 10, 10, 125
170, 160, 10, 10, 125
180, 170, 10, 10, 125
190, 180, 10, 10, 125
200, 190, 10, 10, 125
210, 200, 10, 10, 125
220, 210, 10, 10, 125
230, 220, 10, 10, 125
240, 230, 10, 10, 125
250, 240, 10, 10, 125
260, 250, 10, 10, 140
270, 260, 10, 10, 155
280, 270, 10, 10, 170
290, 280, 10, 10, 185
300, 290, 10, 10, 200
310, 300, 10, 10, 215
320, 310, 10, 10, 230
330, 320, 10, 10, 245
340, 330, 10, 10, 260
350, 340, 10, 10, 275
360, 350, 10, 10, 290
370, 360, 10, 10, 305
380, 370, 10, 10, 320
390, 380, 10, 10, 335
400, 390, 10, 10, 350
410, 400, 10, 10, 365
420, 410, 10, 10, 380
430, 420, 10, 10, 395
440, 430, 10, 10, 395
450, 440, 10, 10, 395
460, 450, 10, 10, 395
470, 460, 10, 10, 395
480, 470, 10, 10, 395
490, 480, 10, 10, 395
500, 490, 10, 10, 395
510, 500, 10, 10, 395
520, 510, 10, 10, 395
530, 520, 10, 10, 395
540, 530, 10, 10, 395
550, 540, 10, 10, 395
560, 550, 10, 10, 395
570, 560, 10, 10, 395
580, 570, 10, -10, 395
590, 560, 10, -10, 395
600, 550, 10, -10, 395
610, 540, 10, -10, 395
620, 530, 10, -10, 395
630, 520, 10, -10, 395
640, 510, 10, -10, 395
650, 500, 10, -10, 395
660, 490, 10, -10, 395
670, 480, 10, -10, 395
680, 470, 10, -10, 395
690, 460, 10, -10, 395
700, 450, 10, -10, 395
710, 440, 10, -10, 395
720, 430, 10, -10, 395
730, 420, 10, -10, 395
740, 410, 10, -10, 395
750, 400, 10, -10, 395
760, 390, 10, -10, 380
770, 380, 10, -10, 365
780, 370, 10, -10, 350
790, 360, 10, -10, 335
800, 350, 10, -10, 320
810, 340, 10, -10, 305
820, 330, 10, -10, 290
830, 320, 10, -10, 275
840, 310, 10, -10, 260
850, 300, 10, -10, 245
860, 290, 10, -10, 230
870, 280, 10, -10, 215
880, 270, 10, -10, 200
890, 260, 10, -10, 185
900, 250, 10, -10, 170
910, 240, 10, -10, 155
920, 230, 10, -10, 140
930, 220, 10, -10, 125
940, 210, 10, -10, 110
950, 200, 10, -10, 95
960, 190, 10, -10, 80
970, 180, 10, -10, 65
980, 170, 10, -10, 50
990, 160, 10, -10, 35
1000, 150, 10, -10, 35
1010, 140, 10, -10, 35
1020, 130, 10, -10, 35
1030, 120, 10, -10, 35
1040, 110, 10, -10, 35
1050, 100, 10, -10, 35
1060, 90, 10, -10, 35
1070, 80, 10, -10, 35
1080, 70, 10, -10, 35
1090, 60, 10, -10, 35
1100, 50, 10, -10, 35
1110, 40, 10, -10, 35
1120, 30, 10, 10, 35
1130, 40, 10, 10, 35
1140, 50, 10, 10, 35
1150, 60, 10, 10, 35
1160, 70, 10, 10, 35
1170, 80, 10, 10, 35
1180, 90, 10, 10, 35
1190, 100, -10, 10, 35
1180, 110, -10, 10, 35
1170, 120, -10, 10, 35
1160, 130, -10, 10, 35
1150, 140, -10, 10, 35
1140, 150, -10, 10, 35
1130, 160, -10, 10, 35
1120, 170, -10, 10, 35
1110, 180, -10, 10, 35
1100, 190, -10, 10, 35
1090, 200, -10, 10, 35
1080, 210, -10, 10, 35
1070, 220, -10, 10, 35
1060, 230, -10, 10, 35
1050, 240, -10, 10, 35
1040, 250, -10, 10, 35
1030, 260, -10, 10, 35
1020, 270, -10, 10, 35
1010, 280, -10, 10, 35
1000, 290, -10, 10, 35
990, 300, -10, 10, 35
980, 310, -10, 10, 35
970, 320, -10, 10, 35
960, 330, -10, 10, 35
950, 340, -10, 10, 35
940, 350, -10, 10, 35
930, 360, -10, 10, 35
920, 370, -10, 10, 35
910, 380, -10, 10, 50
900, 390, -10, 10, 65
890, 400, -10, 10, 80
880, 410, -10, 10, 95
870, 420, -10, 10, 110
860, 430, -10, 10, 125
850, 440, -10, 10, 140
840, 450, -10, 10, 155
830, 460, -10, 10, 170
820, 470, -10, 10, 185
810, 480, -10, 10, 200
800, 490, -10, 10, 215
790, 500, -10, 10, 230
780, 510, -10, 10, 245
770, 520, -10, 10, 260
760, 530, -10, 10, 275
750, 540, -10, 10, 290
740, 550, -10, 10, 305
730, 560, -10, 10, 320
720, 570, -10, -10, 335
710, 560, -10, -10, 335
700, 550, -10, -10, 335
690, 540, -10, -10, 335
680, 530, -10, -10, 335
670, 520, -10, -10, 335
660, 510, -10, -10, 335
650, 500, -10, -10, 335
640, 490, -10, -10, 335
630, 480, -10, -10, 335
620, 470, -10, -10, 335
610, 460, -10, -10, 335
600, 450, -10, -10, 335
590, 440, -10, -10, 335
580, 430, -10, -10, 335
570, 420, -10, -10, 335
560, 410, -10, -10, 335
550, 400, -10, -10, 335
540, 390, -10, -10, 335
530, 380, -10, -10, 335
520, 370, -10, -10, 335
510, 360, -10, -10, 335
500, 350, -10, -10, 335
490, 340, -10, -10, 335
480, 330, -10, -10, 335
470, 320, -10, -10, 335
460, 310, -10, -10, 335
450, 300, -10, -10, 335
440, 290, -10, -10, 335
430, 280, -10, -10, 335
420, 270, -10, -10, 335
410, 260, -10, -10, 335
400, 250, -10, -10, 335
390, 240, -10, -10, 335
380, 230, -10, -10, 335
370, 220, -10, -10, 335
360, 210, -10, -10, 335
350, 200, -10, -10, 335
340, 190, -10, -10, 335
330, 180, -10, -10, 335
320, 170, -10, -10, 335
310, 160, -10, -10, 335
300, 150, -10, -10, 335
290, 140, -10, -10, 335
280, 130, -10, -10, 335
270, 120, -10, -10, 335
260, 110, -10, -10, 335
250, 100, -10, -10, 335
240, 90, -10, -10, 335
230, 80, -10, -10, 335
220, 70, -10, -10, 335
210, 60, -10, -10, 335
200, 50, -10, -10, 335
190, 40, -10, -10, 335
180, 30, -10, 10, 335
170, 40, -10, 10, 335
160, 50, -10, 10, 350
150, 60, -10, 10, 365
140, 70, -10, 10, 380
130, 80, -10, 10, 395
120, 90, -10, 10, 410
110, 100, -10, 10, 410
100, 110, -10, 10, 410
90, 120, -10, 10, 410
80, 130, -10, 10, 410
70, 140, -10, 10, 410
60, 150, -10, 10, 410
50, 160, -10, 10, 410
40, 170, -10, 10, 410
30, 180, 10, 10, 410
40, 190, 10, 10, 410
50, 200, 10, 10, 410
60, 210, 10, 10, 410
70, 220, 10, 10, 410
80, 230, 10, 10, 410
90, 240, 10, 10, 410
100, 250, 10, 10, 410
110, 260, 10, 10, 410
120, 270, 10, 10, 410
130, 280, 10, 10, 410
140, 290, 10, 10, 410
150, 300, 10, 10, 410
160, 310, 10, 10, 410
170, 320, 10, 10, 410
180, 330, 10, 10, 410
190, 340, 10, 10, 410
200, 350, 10, 10, 410
210, 360, 10, 10, 410
220, 370, 10, 10, 410
230, 380, 10, 10, 410
240, 390, 10, 10, 410
250, 400, 10, 10, 410
260, 410, 10, 10, 410
270, 420, 10, 10, 410
280, 430, 10, 10, 410
290, 440, 10, 10, 410
300, 450, 10, 10, 410
310, 460, 10, 10, 410
320, 470, 10, 10, 410
330, 480, 10, 10, 410
340, 490, 10, 10, 410
350, 500, 10, 10, 410
360, 510, 10, 10, 410
370, 520, 10, 10, 410
380, 530, 10, 10, 410
390, 540, 10, 10, 410
400, 550, 10, 10, 410
410, 560, 10, 10, 410
420, 570, 10, -10, 410
430, 560, 10, -10, 410
440, 550, 10, -10, 410
450, 540, 10, -10, 410
460, 530, 10, -10, 410
470, 520, 10, -10, 410
480, 510, 10, -10, 410
490, 500, 10, -10, 410
500, 490, 10, -10, 410
510, 480, 10, -10, 410
520, 470, 10, -10, 410
530, 460, 10, -10, 410
540, 450, 10, -10, 410
550, 440, 10, -10, 410
560, 430, 10, -10, 410
570, 420, 10, -10, 410
580, 410, 10, -10, 395
590, 400, 10, -10, 380
600, 390, 10, -10, 365
610, 380, 10, -10, 350
620, 370, 10, -10, 335
630, 360, 10, -10, 320
640, 350, 10, -10, 305
650, 340, 10, -10, 290
660, 330, 10, -10, 275
670, 320, 10, -10, 260
680, 310, 10, -10, 245
690, 300, 10, -10, 230
700, 290, 10, -10, 215
710, 280, 10, -10, 200
720, 270, 10, -10, 185
730, 260, 10, -10, 170
740, 250, 10, -10, 155
750, 240, 10, -10, 140
760, 230, 10, -10, 125
770, 220, 10, -10, 110
780, 210, 10, -10, 95
790, 200, 10, -10, 80
800, 190, 10, -10, 65
810, 180, 10, -10, 65
820, 170, 10, -10, 65
830, 160, 10, -10, 65
840, 150, 10, -10, 65
850, 140, 10, -10, 65
860, 130, 10, -10, 65
870, 120, 10, -10, 65
880, 110, 10, -10, 65
890, 100, 10, -10, 65
900, 90, 10, -10, 65
910, 80, 10, -10, 65
920, 70, 10, -10, 65
930, 60, 10, -10, 65
940, 50, 10, -10, 65
950, 40, 10, -10, 65
960, 30, 10, 10, 65
970, 40, 10, 10, 65
980, 50, 10, 10, 65
990, 60, 10, 10, 80
1000, 70, 10, 10, 95
1010, 80, 10, 10, 110
1020, 90, 10, 10, 125
1030, 100, 10, 10, 140
1040, 110, 10, 10, 140
1050, 120, 10, 10, 140
1060, 130, 10, 10, 140
1070, 140, 10, 10, 140
1080, 150, 10, 10, 140
1090, 160, 10, 10, 140
1100, 170, 10, 10, 140
1110, 180, 10, 10, 155
1120, 190, 10, 10, 170
1130, 200, 10, 10, 185
1140, 210, 10, 10, 200
1150, 220, 10, 10, 200
1160, 230, 10, 10, 200
1170, 240, 10, 10, 200
1180, 250, 10, 10, 200
1190, 260, -10, 10, 200
1180, 270, -10, 10, 200
1170, 280, -10, 10, 200
1160, 290, -10, 10, 200
1150, 300, -10, 10, 200
1140, 310, -10, 10, 200
1130, 320, -10, 10, 200
1120, 330, -10, 10, 200
1110, 340, -10, 10, 200
1100, 350, -10, 10, 200
1090, 360, -10, 10, 200
1080, 370, -10, 10, 200
1070, 380, -10, 10, 200
1060, 390, -10, 10, 200
1050, 400, -10, 10, 200
1040, 410, -10, 10, 200
1030, 420, -10, 10, 200
1020, 430, -10, 10, 200
1010, 440, -10, 10, 200
1000, 450, -10, 10, 200
990, 460, -10, 10, 200
980, 470, -10, 10, 200
970, 480, -10, 10, 200
960, 490, -10, 10, 200
950, 500, -10, 10, 200
940, 510, -10, 10, 200
930, 520, -10, 10, 200
920, 530, -10, 10, 200
910, 540, -10, 10, 200
900, 550, -10, 10, 200
890, 560, -10, 10, 200
880, 570, -10, -10, 200
870, 560, -10, -10, 200
860, 550, -10, -10, 200
850, 540, -10, -10, 200
840, 530, -10, -10, 200
830, 520, -10, -10, 200
820, 510, -10, -10, 200
810, 500, -10, -10, 200
800, 490, -10, -10, 200
790, 480, -10, -10, 200
780, 470, -10, -10, 200
770, 460, -10, -10, 200
760, 450, -10, -10, 200
750, 440, -10, -10, 200
740, 430, -10, -10, 200
730, 420, -10, -10, 200
720, 410, -10, -10, 200
710, 400, -10, -10, 200
700, 390, -10, -10, 200
690, 380, -10, -10, 200
680, 370, -10, -10, 200
670, 360, -10, -10, 200
660, 350, -10, -10, 200
650, 340, -10, -10, 200
640, 330, -10, -10, 200
630, 320, -10, -10, 200
620, 310, -10, -10, 200
610, 300, -10, -10, 200
600, 290, -10, -10, 200
590, 280, -10, -10, 200
580, 270, -10, -10, 200
570, 260, -10, -10, 200
560, 250, -10, -10, 200
550, 240, -10, -10, 200
540, 230, -10, -10, 200
530, 220, -10, -10, 200
520, 210, -10, -10, 200
510, 200, -10, -10, 200
500, 190, -10, -10, 200
490, 180, -10, -10, 200
480, 170, -10, -10, 200
470, 160, -10, -10, 200
460, 150, -10, -10, 200
450, 140, -10, -10, 200
440, 130, -10, -10, 200
430, 120, -10, -10, 200
420, 110, -10, -10, 200
410, 100, -10, -10, 200
400, 90, -10, -10, 200
390, 80, -10, -10, 200
380, 70, -10, -10, 200
370, 60, -10, -10, 200
360, 50, -10, -10, 200
350, 40, -10, -10, 200
340, 30, -10, 10, 200
330, 40, -10, 10, 200
320, 50, -10, 10, 200
310, 60, -10, 10, 200
300, 70, -10, 10, 200
290, 80, -10, 10, 200
280, 90, -10, 10, 200
270, 100, -10, 10, 200
260, 110, -10, 10, 200
250, 120, -10, 10, 200
240, 130, -10, 10, 200
230, 140, -10, 10, 200
220, 150, -10, 10, 200
210, 160, -10, 10, 200
200, 170, -10, 10, 200
190, 180, -10, 10, 200
180, 190, -10, 10, 200
170, 200, -10, 10, 200
160, 210, -10, 10, 200
150, 220, -10, 10, 200
140, 230, -10, 10, 200
130, 240, -10, 10, 200
120, 250, -10, 10, 200
110, 260, -10, 10, 200
100, 270, -10, 10, 200
90, 280, -10, 10, 200
80, 290, -10, 10, 200
70, 300, -10, 10, 200
60, 310, -10, 10, 200
50, 320, -10, 10, 200
40, 330, -10, 10, 200
30, 340, 10, 10, 200
40, 350, 10, 10, 200
50, 360, 10, 10, 200
60, 370, 10, 10, 200
70, 380, 10, 10, 200
80, 390, 10, 10, 215
90, 400, 10, 10, 230
100, 410, 10, 10, 245
110, 420, 10, 10, 260
120, 430, 10, 10, 275
130, 440, 10, 10, 290
140, 450, 10, 10, 305
150, 460, 10, 10, 320
160, 470, 10, 10, 335
170, 480, 10, 10, 350
180, 490, 10, 10, 365
190, 500, 10, 10, 365
200, 510, 10, 10, 365
210, 520, 10, 10, 365
220, 530, 10, 10, 365
230, 540, 10, 10, 365
240, 550, 10, 10, 365
250, 560, 10, 10, 365
260, 570, 10, -10, 365
270, 560, 10, -10, 365
280, 550, 10, -10, 365
290, 540, 10, -10, 365
300, 530, 10, -10, 365
310, 520, 10, -10, 365
320, 510, 10, -10, 365
330, 500, 10, -10, 365
340, 490, 10, -10, 365
350, 480, 10, -10, 365
360, 470, 10, -10, 365
370, 460, 10, -10, 365
380, 450, 10, -10, 365
390, 440, 10, -10, 365
400, 430, 10, -10, 365
410, 420, 10, -10, 365
420, 410, 10, -10, 365
430, 400, 10, -10, 365
440, 390, 10, -10, 365
450, 380, 10, -10, 365
460, 370, 10, -10, 365
470, 360, 10, -10, 365
480, 350, 10, -10, 365
490, 340, 10, -10, 365
500, 330, 10, -10, 365
510, 320, 10, -10, 365
520, 310, 10, -10, 350
530, 300, 10, -10, 335
540, 290, 10, -10, 320
550, 280, 10, -10, 305
560, 270, 10, -10, 290
570, 260, 10, -10, 275
580, 250, 10, -10, 260
590, 240, 10, -10, 245
600, 230, 10, -10, 230
610, 220, 10, -10, 215
620, 210, 10, -10, 200
630, 200, 10, -10, 185
640, 190, 10, -10, 170
650, 180, 10, -10, 155
660, 170, 10, -10, 140
670, 160, 10, -10, 125
680, 150, 10, -10, 125
690, 140, 10, -10, 125
700, 130, 10, -10, 125
710, 120, 10, -10, 125
720, 110, 10, -10, 125
730, 100, 10, -10, 125
740, 90, 10, -10, 125
750, 80, 10, -10, 125
760, 70, 10, -10, 125
770, 60, 10, -10, 125
780, 50, 10, -10, 125
790, 40, 10, -10, 125
800, 30, 10, 10, 125
810, 40, 10, 10, 125
820, 50, 10, 10, 125
830, 60, 10, 10, 125
840, 70, 10, 10, 125
850, 80, 10, 10, 125
860, 90, 10, 10, 125
870, 100, 10, 10, 140
880, 110, 10, 10, 155
890, 120, 10, 10, 170
900, 130, 10, 10, 185
910, 140, 10, 10, 200
920, 150, 10, 10, 215
930, 160, 10, 10, 230
940, 170, 10, 10, 245
950, 180, 10, 10, 245
960, 190, 10, 10, 245
970, 200, 10, 10, 245
980, 210, 10, 10, 245
990, 220, 10, 10, 245
1000, 230, 10, 10, 245
1010, 240, 10, 10, 245
1020, 250, 10, 10, 245
1030, 260, 10, 10, 245
1040, 270, 10, 10, 245
1050, 280, 10, 10, 260
1060, 290, 10, 10, 275
1070, 300, 10, 10, 290
1080, 310, 10, 10, 305
1090, 320, 10, 10, 320
1100, 330, 10, 10, 335
1110, 340, 10, 10, 350
1120, 350, 10, 10, 365
1130, 360, 10, 10, 380
1140, 370, 10, 10, 395
1150, 380, 10, 10, 410
1160, 390, 10, 10, 410
1170, 400, 10, 10, 410
1180, 410, 10, 10, 410
1190, 420, -10, 10, 410
1180, 430, -10, 10, 410
1170, 440, -10, 10, 410
1160, 450, -10, 10, 410
1150, 460, -10, 10, 410
1140, 470, -10, 10, 410
1130, 480, -10, 10, 410
1120, 490, -10, 10, 410
1110, 500, -10, 10, 410
1100, 510, -10, 10, 410
1090, 520, -10, 10, 410
1080, 530, -10, 10, 410
1070, 540, -10, 10, 410
1060, 550, -10, 10, 410
1050, 560, -10, 10, 410
1040, 570, -10, -10, 410
1030, 560, -10, -10, 410
1020, 550, -10, -10, 410
1010, 540, -10, -10, 410
1000, 530, -10, -10, 410
990, 520, -10, -10, 410
980, 510, -10, -10, 410
970, 500, -10, -10, 410
960, 490, -10, -10, 410
950, 480, -10, -10, 410
940, 470, -10, -10, 410
930, 460, -10, -10, 410
920, 450, -10, -10, 410
910, 440, -10, -10, 410
900, 430, -10, -10, 410
890, 420, -10, -10, 410
880, 410, -10, -10, 410
870, 400, -10, -10, 410
860, 390, -10, -10, 410
850, 380, -10, -10, 410
840, 370, -10, -10, 410
830, 360, -10, -10, 410
820, 350, -10, -10, 395
810, 340, -10, -10, 380
800, 330, -10, -10, 365
790, 320, -10, -10, 350
780, 310, -10, -10, 335
770, 300, -10, -10, 320
760, 290, -10, -10, 305
750, 280, -10, -10, 290
740, 270, -10, -10, 290
730, 260, -10, -10, 290
720, 250, -10, -10, 290
710, 240, -10, -10, 290
700, 230, -10, -10, 290
690, 220, -10, -10, 290
680, 210, -10, -10, 290
670, 200, -10, -10, 290
660, 190, -10, -10, 290
650, 180, -10, -10, 290
640, 170, -10, -10, 290
630, 160, -10, -10, 290
620, 150, -10, -10, 290
610, 140, -10, -10, 290
600, 130, -10, -10, 290
590, 120, -10, -10, 290
580, 110, -10, -10, 290
570, 100, -10, -10, 290
560, 90, -10, -10, 290
550, 80, -10, -10, 290
540, 70, -10, -10, 290
530, 60, -10, -10, 290
520, 50, -10, -10, 290
510, 40, -10, -10, 290
500, 30, -10, 10, 290
490, 40, -10, 10, 290
480, 50, -10, 10, 290
470, 60, -10, 10, 290
460, 70, -10, 10, 290
450, 80, -10, 10, 290
440, 90, -10, 10, 290
430, 100, -10, 10, 290
420, 110, -10, 10, 290
410, 120, -10, 10, 290
400, 130, -10, 10, 290
390, 140, -10, 10, 290
380, 150, -10, 10, 290
370, 160, -10, 10, 290
360, 170, -10, 10, 290
350, 180, -10, 10, 290
340, 190, -10, 10, 290
330, 200, -10, 10, 290
320, 210, -10, 10, 290
310, 220, -10, 10, 290
300, 230, -10, 10, 290
290, 240, -10, 10, 290
280, 250, -10, 10, 290
270, 260, -10, 10, 290
260, 270, -10, 10, 275
250, 280, -10, 10, 260
240, 290, -10, 10, 245
230, 300, -10, 10, 230
220, 310, -10, 10, 215
210, 320, -10, 10, 200
200, 330, -10, 10, 185
190, 340, -10, 10, 185
180, 350, -10, 10, 185
170, 360, -10, 10, 185
160, 370, -10, 10, 185
150, 380, -10, 10, 185
140, 390, -10, 10, 185
130, 400, -10, 10, 185
120, 410, -10, 10, 185
110, 420, -10, 10, 185
100, 430, -10, 10, 185
90, 440, -10, 10, 185
80, 450, -10, 10, 185
70, 460, -10, 10, 185
60, 470, -10, 10, 185
50, 480, -10, 10, 185
40, 490, -10, 10, 185
30, 500, 10, 10, 185
40, 510, 10, 10, 185
50, 520, 10, 10, 185
60, 530, 10, 10, 185
70, 540, 10, 10, 185
80, 550, 10, 10, 185
90, 560, 10, 10, 185
100, 570, 10, -10, 185
110, 560, 10, -10, 185
120, 550, 10, -10, 185
130, 540, 10, -10, 185
140, 530, 10, -10, 185
150, 520, 10, -10, 185
160, 510, 10, -10, 185
170, 500, 10, -10, 185
180, 490, 10, -10, 185
190, 480, 10, -10, 185
200, 470, 10, -10, 185
210, 460, 10, -10, 185
220, 450, 10, -10, 200
230, 440, 10, -10, 215
240, 430, 10, -10, 230
250, 420, 10, -10, 245
260, 410, 10, -10, 260
270, 400, 10, -10, 275
280, 390, 10, -10, 290
290, 380, 10, -10, 290
300, 370, 10, -10, 290
310, 360, 10, -10, 290
320, 350, 10, -10, 290
330, 340, 10, -10, 290
340, 330, 10, -10, 290
350, 320, 10, -10, 290
360, 310, 10, -10, 290
370, 300, 10, -10, 290
380, 290, 10, -10, 290
390, 280, 10, -10, 290
400, 270, 10, -10, 290
410, 260, 10, -10, 290
420, 250, 10, -10, 290
430, 240, 10, -10, 290
440, 230, 10, -10, 290
450, 220, 10, -10, 290
460, 210, 10, -10, 290
470, 200, 10, -10, 290
480, 190, 10, -10, 290
490, 180, 10, -10, 290
500, 170, 10, -10, 290
510, 160, 10, -10, 290
520, 150, 10, -10, 290
530, 140, 10, -10, 290
540, 130, 10, -10, 290
550, 120, 10, -10, 290
560, 110, 10, -10, 290
570, 100, 10, -10, 275
580, 90, 10, -10, 260
590, 80, 10, -10, 245
600, 70, 10, -10, 230
610, 60, 10, -10, 215
620, 50, 10, -10, 200
630, 40, 10, -10, 185
640, 30, 10, 10, 185
650, 40, 10, 10, 185
660, 50, 10, 10, 185
670, 60, 10, 10, 185
680, 70, 10, 10, 185
690, 80, 10, 10, 185
700, 90, 10, 10, 185
710, 100, 10, 10, 185
720, 110, 10, 10, 185
730, 120, 10, 10, 185
740, 130, 10, 10, 185
750, 140, 10, 10, 185
760, 150, 10, 10, 185
770, 160, 10, 10, 185
780, 170, 10, 10, 185
790, 180, 10, 10, 200
800, 190, 10, 10, 215
810, 200, 10, 10, 230
820, 210, 10, 10, 245
830, 220, 10, 10, 260
840, 230, 10, 10, 275
850, 240, 10, 10, 290
860, 250, 10, 10, 305
870, 260, 10, 10, 320
880, 270, 10, 10, 335
890, 280, 10, 10, 335
900, 290, 10, 10, 335
910, 300, 10, 10, 335
920, 310, 10, 10, 335
930, 320, 10, 10, 335
940, 330, 10, 10, 335
950, 340, 10, 10, 335
960, 350, 10, 10, 335
970, 360, 10, 10, 335
980, 370, 10, 10, 350
990, 380, 10, 10, 365
1000, 390, 10, 10, 380
1010, 400, 10, 10, 395
1020, 410, 10, 10, 410
1030, 420, 10, 10, 425
1040, 430, 10, 10, 440
1050, 440, 10, 10, 455
1060, 450, 10, 10, 455
1070, 460, 10, 10, 455
1080, 470, 10, 10, 455
1090, 480, 10, 10, 455
1100, 490, 10, 10, 455
1110, 500, 10, 10, 455
1120, 510, 10, 10, 455
1130, 520, 10, 10, 470
1140, 530, 10, 10, 485
1150, 540, 10, 10, 500
1160, 550, 10, 10, 500
1170, 560, 10, 10, 500
1180, 570, 10, -10, 500
1190, 560, -10, -10, 500
1180, 550, -10, -10, 500
1170, 540, -10, -10, 500
1160, 530, -10, -10, 500
1150, 520, -10, -10, 500
1140, 510, -10, -10, 500
1130, 500, -10, -10, 500
1120, 490, -10, -10, 500
1110, 480, -10, -10, 500
1100, 470, -10, -10, 500
1090, 460, -10, -10, 500
1080, 450, -10, -10, 500
1070, 440, -10, -10, 500
1060, 430, -10, -10, 500
1050, 420, -10, -10, 500
1040, 410, -10, -10, 500
1030, 400, -10, -10, 500
1020, 390, -10, -10, 500
1010, 380, -10, -10, 500
1000, 370, -10, -10, 500
990, 360, -10, -10, 500
980, 350, -10, -10, 500
970, 340, -10, -10, 500
960, 330, -10, -10, 500
950, 320, -10, -10, 500
940, 310, -10, -10, 500
930, 300, -10, -10, 500
920, 290, -10, -10, 485
910, 280, -10, -10, 470
900, 270, -10, -10, 455
890, 260, -10, -10, 440
880, 250, -10, -10, 440
870, 240, -10, -10, 440
860, 230, -10, -10, 440
850, 220, -10, -10, 440
840, 210, -10, -10, 440
830, 200, -10, -10, 440
820, 190, -10, -10, 440
810, 180, -10, -10, 440
800, 170, -10, -10, 440
790, 160, -10, -10, 440
780, 150, -10, -10, 440
770, 140, -10, -10, 440
760, 130, -10, -10, 440
750, 120, -10, -10, 440
740, 110, -10, -10, 440
730, 100, -10, -10, 440
720, 90, -10, -10, 425
710, 80, -10, -10, 410
700, 70, -10, -10, 395
690, 60, -10, -10, 380
680, 50, -10, -10, 365
670, 40, -10, -10, 350
660, 30, -10, 10, 335
650, 40, -10, 10, 320
640, 50, -10, 10, 320
630, 60, -10, 10, 320
620, 70, -10, 10, 320
610, 80, -10, 10, 320
600, 90, -10, 10, 320
590, 100, -10, 10, 320
580, 110, -10, 10, 320
570, 120, -10, 10, 320
560, 130, -10, 10, 320
550, 140, -10, 10, 320
540, 150, -10, 10, 320
530, 160, -10, 10, 320
520, 170, -10, 10, 320
510, 180, -10, 10, 320
500, 190, -10, 10, 320
490, 200, -10, 10, 320
480, 210, -10, 10, 320
470, 220, -10, 10, 320
460, 230, -10, 10, 320
450, 240, -10, 10, 320
440, 250, -10, 10, 320
430, 260, -10, 10, 320
420, 270, -10, 10, 320
410, 280, -10, 10, 320
400, 290, -10, 10, 320
390, 300, -10, 10, 320
380, 310, -10, 10, 320
370, 320, -10, 10, 320
360, 330, -10, 10, 320
350, 340, -10, 10, 320
340, 350, -10, 10, 320
330, 360, -10, 10, 320
320, 370, -10, 10, 320
310, 380, -10, 10, 320
300, 390, -10, 10, 320
290, 400, -10, 10, 320
280, 410, -10, 10, 320
270, 420, -10, 10, 320
260, 430, -10, 10, 320
250, 440, -10, 10, 320
240, 450, -10, 10, 320
230, 460, -10, 10, 320
220, 470, -10, 10, 320
210, 480, -10, 10, 320
200, 490, -10, 10, 320
190, 500, -10, 10, 320
180, 510, -10, 10, 320
170, 520, -10, 10, 320
160, 530, -10, 10, 320
150, 540, -10, 10, 320
140, 550, -10, 10, 320
130, 560, -10, 10, 320
120, 570, -10, -10, 320
110, 560, -10, -10, 320
100, 550, -10, -10, 320
90, 540, -10, -10, 320
80, 530, -10, -10, 320
70, 520, -10, -10, 320
60, 510, -10, -10, 320
50, 500, -10, -10, 320
40, 490, -10, -10, 320
30, 480, 10, -10, 320
40, 470, 10, -10, 320
50, 460, 10, -10, 320
60, 450, 10, -10, 320
70, 440, 10, -10, 320
80, 430, 10, -10, 320
90, 420, 10, -10, 320
100, 410, 10, -10, 320
110, 400, 10, -10, 320
120, 390, 10, -10, 320
130, 380, 10, -10, 320
140, 370, 10, -10, 320
150, 360, 10, -10, 320
160, 350, 10, -10, 320
170, 340, 10, -10, 320
180, 330, 10, -10, 320
190, 320, 10, -10, 320
200, 310, 10, -10, 320
210, 300, 10, -10, 320
220, 290, 10, -10, 320
230, 280, 10, -10, 320
240, 270, 10, -10, 320
250, 260, 10, -10, 320
260, 250, 10, -10, 320
270, 240, 10, -10, 320
280, 230, 10, -10, 320
290, 220, 10, -10, 320
300, 210, 10, -10, 320
310, 200, 10, -10, 320
320, 190, 10, -10, 320
330, 180, 10, -10, 320
340, 170, 10, -10, 320
350, 160, 10, -10, 320
360, 150, 10, -10, 320
370, 140, 10, -10, 320
380, 130, 10, -10, 320
390, 120, 10, -10, 320
400, 110, 10, -10, 320
410, 100, 10, -10, 320
420, 90, 10, -10, 320
430, 80, 10, -10, 320
440, 70, 10, -10, 320
450, 60, 10, -10, 320
460, 50, 10, -10, 320
470, 40, 10, -10, 320
480, 30, 10, 10, 320
490, 40, 10, 10, 320
500, 50, 10, 10, 320
510, 60, 10, 10, 320
520, 70, 10, 10, 320
530, 80, 10, 10, 320
540, 90, 10, 10, 320
550, 100, 10, 10, 320
560, 110, 10, 10, 320
570, 120, 10, 10, 320
580, 130, 10, 10, 320
590, 140, 10, 10, 320
600, 150, 10, 10, 335
610, 160, 10, 10, 350
620, 170, 10, 10, 365
630, 180, 10, 10, 380
640, 190, 10, 10, 395
650, 200, 10, 10, 410
660, 210, 10, 10, 425
670, 220, 10, 10, 440
680, 230, 10, 10, 440
690, 240, 10, 10, 440
700, 250, 10, 10, 440
710, 260, 10, 10, 440
720, 270, 10, 10, 440
730, 280, 10, 10, 440
740, 290, 10, 10, 440
750, 300, 10, 10, 440
760, 310, 10, 10, 440
770, 320, 10, 10, 440
780, 330, 10, 10, 440
790, 340, 10, 10, 440
800, 350, 10, 10, 440
810, 360, 10, 10, 440
820, 370, 10, 10, 440
830, 380, 10, 10, 440
840, 390, 10, 10, 440
850, 400, 10, 10, 440
860, 410, 10, 10, 440
870, 420, 10, 10, 440
880, 430, 10, 10, 440
890, 440, 10, 10, 440
900, 450, 10, 10, 440
910, 460, 10, 10, 440
920, 470, 10, 10, 440
930, 480, 10, 10, 440
940, 490, 10, 10, 440
950, 500, 10, 10, 440
960, 510, 10, 10, 440
970, 520, 10, 10, 440
980, 530, 10, 10, 440
990, 540, 10, 10, 440
1000, 550, 10, 10, 440
1010, 560, 10, 10, 440
1020, 570, 10, -10, 440
1030, 560, 10, -10, 440
1040, 550, 10, -10, 440
1050, 540, 10, -10, 440
1060, 530, 10, -10, 440
1070, 520, 10, -10, 440
1080, 510, 10, -10, 440
1090, 500, 10, -10, 440
1100, 490, 10, -10, 440
1110, 480, 10, -10, 440
1120, 470, 10, -10, 425
1130, 460, 10, -10, 410
1140, 450, 10, -10, 395
1150, 440, 10, -10, 380
1160, 430, 10, -10, 365
1170, 420, 10, -10, 350
1180, 410, 10, -10, 335
1190, 400, -10, -10, 320
1180, 390, -10, -10, 305
1170, 380, -10, -10, 305
1160, 370, -10, -10, 305
1150, 360, -10, -10, 305
1140, 350, -10, -10, 305
1130, 340, -10, -10, 305
1120, 330, -10, -10, 305
1110, 320, -10, -10, 305
1100, 310, -10, -10, 305
1090, 300, -10, -10, 305
1080, 290, -10, -10, 305
1070, 280, -10, -10, 305
1060, 270, -10, -10, 305
1050, 260, -10, -10, 305
1040, 250, -10, -10, 305
1030, 240, -10, -10, 305
1020, 230, -10, -10, 305
1010, 220, -10, -10, 305
1000, 210, -10, -10, 305
990, 200, -10, -10, 305
980, 190, -10, -10, 305
970, 180, -10, -10, 305
960, 170, -10, -10, 305
950, 160, -10, -10, 305
940, 150, -10, -10, 305
930, 140, -10, -10, 305
920, 130, -10, -10, 305
910, 120, -10, -10, 305
900, 110, -10, -10, 305
890, 100, -10, -10, 305
880, 90, -10, -10, 305
870, 80, -10, -10, 305
860, 70, -10, -10, 305
850, 60, -10, -10, 305
840, 50, -10, -10, 305
830, 40, -10, -10, 305
820, 30, -10, 10, 305
810, 40, -10, 10, 305
800, 50, -10, 10, 305
790, 60, -10, 10, 305
780, 70, -10, 10, 305
770, 80, -10, 10, 305
760, 90, -10, 10, 305
750, 100, -10, 10, 305
740, 110, -10, 10, 305
730, 120, -10, 10, 305
720, 130, -10, 10, 305
710, 140, -10, 10, 305
700, 150, -10, 10, 305
690, 160, -10, 10, 305
680, 170, -10, 10, 305
670, 180, -10, 10, 305
660, 190, -10, 10, 305
650, 200, -10, 10, 305
640, 210, -10, 10, 305
630, 220, -10, 10, 305
620, 230, -10, 10, 305
610, 240, -10, 10, 305
600, 250, -10, 10, 305
590, 260, -10, 10, 305
580, 270, -10, 10, 305
570, 280, -10, 10, 305
560, 290, -10, 10, 305
550, 300, -10, 10, 305
540, 310, -10, 10, 305
530, 320, -10, 10, 305
520, 330, -10, 10, 305
510, 340, -10, 10, 305
500, 350, -10, 10, 305
490, 360, -10, 10, 305
480, 370, -10, 10, 305
470, 380, -10, 10, 305
460, 390, -10, 10, 305
450, 400, -10, 10, 305
440, 410, -10, 10, 305
430, 420, -10, 10, 305
420, 430, -10, 10, 305
410, 440, -10, 10, 305
400, 450, -10, 10, 305
390, 460, -10, 10, 305
380, 470, -10, 10, 305
370, 480, -10, 10, 305
360, 490, -10, 10, 305
350, 500, -10, 10, 305
340, 510, -10, 10, 305
330, 520, -10, 10, 305
320, 530, -10, 10, 305
310, 540, -10, 10, 305
300, 550, -10, 10, 305
290, 560, -10, 10, 305
280, 570, -10, -10, 305
270, 560, -10, -10, 305
260, 550, -10, -10, 305
250, 540, -10, -10, 305
240, 530, -10, -10, 305
230, 520, -10, -10, 305
220, 510, -10, -10, 305
210, 500, -10, -10, 305
200, 490, -10, -10, 305
190, 480, -10, -10, 305
180, 470, -10, -10, 305
170, 460, -10, -10, 305
160, 450, -10, -10, 305
150, 440, -10, -10, 305
140, 430, -10, -10, 305
130, 420, -10, -10, 305
120, 410, -10, -10, 305
110, 400, -10, -10, 305
100, 390, -10, -10, 305
90, 380, -10, -10, 305
80, 370, -10, -10, 305
70, 360, -10, -10, 305
60, 350, -10, -10, 305
50, 340, -10, -10, 305
40, 330, -10, -10, 305
30, 320, 10, -10, 305
40, 310, 10, -10, 305
50, 300, 10, -10, 305
60, 290, 10, -10, 305
70, 280, 10, -10, 305
80, 270, 10, -10, 305
90, 260, 10, -10, 305
100, 250, 10, -10, 305
110, 240, 10, -10, 305
120, 230, 10, -10, 305
130, 220, 10, -10, 305
140, 210, 10, -10, 305
150, 200, 10, -10, 305
160, 190, 10, -10, 305
170, 180, 10, -10, 305
180, 170, 10, -10, 305
190, 160, 10, -10, 305
200, 150, 10, -10, 305
210, 140, 10, -10, 305
220, 130, 10, -10, 305
230, 120, 10, -10, 305
240, 110, 10, -10, 305
250, 100, 10, -10, 305
260, 90, 10, -10, 305
270, 80, 10, -10, 305
280, 70, 10, -10, 305
290, 60, 10, -10, 305
300, 50, 10, -10, 305
310, 40, 10, -10, 305
320, 30, 10, 10, 305
330, 40, 10, 10, 305
340, 50, 10, 10, 305
350, 60, 10, 10, 305
360, 70, 10, 10, 305
370, 80, 10, 10, 305
380, 90, 10, 10, 305
390, 100, 10, 10, 305
400, 110, 10, 10, 305
410, 120, 10, 10, 305
420, 130, 10, 10, 305
430, 140, 10, 10, 305
440, 150, 10, 10, 305
450, 160, 10, 10, 305
460, 170, 10, 10, 305
470, 180, 10, 10, 305
480, 190, 10, 10, 305
490, 200, 10, 10, 305
500, 210, 10, 10, 305
510, 220, 10, 10, 305
520, 230, 10, 10, 305
530, 240, 10, 10, 305
540, 250, 10, 10, 305
550, 260, 10, 10, 305
560, 270, 10, 10, 305
570, 280, 10, 10, 305
580, 290, 10, 10, 305
590, 300, 10, 10, 305
600, 310, 10, 10, 305
610, 320, 10, 10, 305
620, 330, 10, 10, 305
630, 340, 10, 10, 305
640, 350, 10, 10, 305
650, 360, 10, 10, 305
660, 370, 10, 10, 305
670, 380, 10, 10, 305
680, 390, 10, 10, 305
690, 400, 10, 10, 305
700, 410, 10, 10, 305
710, 420, 10, 10, 305
720, 430, 10, 10, 305
730, 440, 10, 10, 305
740, 450, 10, 10, 305
750, 460, 10, 10, 305
760, 470, 10, 10, 305
770, 480, 10, 10, 305
780, 490, 10, 10, 305
790, 500, 10, 10, 305
800, 510, 10, 10, 305
810, 520, 10, 10, 305
820, 530, 10, 10, 305
830, 540, 10, 10, 305
840, 550, 10, 10, 305
850, 560, 10, 10, 305
860, 570, 10, -10, 305
870, 560, 10, -10, 305
880, 550, 10, -10, 305
890, 540, 10, -10, 305
900, 530, 10, -10, 305
910, 520, 10, -10, 305
920, 510, 10, -10, 305
930, 500, 10, -10, 305
940, 490, 10, -10, 305
950, 480, 10, -10, 305
960, 470, 10, -10, 305
970, 460, 10, -10, 305
980, 450, 10, -10, 305
990, 440, 10, -10, 305
1000, 430, 10, -10, 305
1010, 420, 10, -10, 305
1020, 410, 10, -10, 305
1030, 400, 10, -10, 305
1040, 390, 10, -10, 305
1050, 380, 10, -10, 305
1060, 370, 10, -10, 305
1070, 360, 10, -10, 305
1080, 350, 10, -10, 305
1090, 340, 10, -10, 290
1100, 330, 10, -10, 275
1110, 320, 10, -10, 260
1120, 310, 10, -10, 245
1130, 300, 10, -10, 230
1140, 290, 10, -10, 215
1150, 280, 10, -10, 200
1160, 270, 10, -10, 185
1170, 260, 10, -10, 170
1180, 250, 10, -10, 155
1190, 240, 10, -10, 140
1200, 230, 10, -10, 125
1210, 220, 10, -10, 125
1220, 210, 10, -10, 125
1230, 200, 10, -10, 125
1240, 190, 10, -10, 125
1250, 180, 10, -10, 125
1260, 170, 10, -10, 125
1270, 160, 10, -10, 125
1280, 150, 10, -10, 125
1290, 140, 10, -10, 125
1300, 130, 10, -10, 125
1310, 120, 10, -10, 125
1320, 110, 10, -10, 125
1330, 100, 10, -10, 125
1340, 90, 10, -10, 125
1350, 80, 10, -10, 125
1360, 70, 10, -10, 125
1370, 60, 10, -10, 125
1380, 50, 10, -10, 125
1390, 40, 10, -10, 125
1400, 30, 10, 10, 125
1410, 40, 10, 10, 125
1420, 50, 10, 10, 125
1430, 60, 10, 10, 125
1440, 70, 10, 10, 125
1450, 80, 10, 10, 125
1460, 90, 10, 10, 125
1470, 100, 10, 10, 125
1480, 110, 10, 10, 125
1490, 120, 10, 10, 125
1500, 130, 10, 10, 125
1510, 140, 10, 10, 125
1520, 150, 10, 10, 125
1530, 160, 10, 10, 125
1540, 170, 10, 10, 125
1550, 180, 10, 10, 125
1560, 190, 10, 10, 125
1570, 200, 10, 10, 125
1580, 210, 10, 10, 125
1590, 220, 10, 10, 125
1600, 230, 10, 10, 125
1610, 240, 10, 10, 125
1620, 250, 10, 10, 125
1630, 260, 10, 10, 125
1640, 270, 10, 10, 125
1650, 280, 10, 10, 125
1660, 290, 10, 10, 125
1670, 300, 10, 10, 125
1680, 310, 10, 10, 125
1690, 320, 10, 10, 125
1700, 330, 10, 10, 125
1710, 340, 10, 10, 125
1720, 350, 10, 10, 125
1730, 360, 10, 10, 125
1740, 370, 10, 10, 125
1750, 380, 10, 10, 125
1760, 390, 10, 10, 125
1770, 400, 10, 10, 125
1780, 410, 10, 10, 125
1790, 420, 10, 10, 125
1800, 430, 10, 10, 125
1810, 440, 10, 10, 125
1820, 450, 10, 10, 125
1830, 460, 10, 10, 125
1840, 470, 10, 10, 125
1850, 480, 10, 10, 125
1860, 490, 10, 10, 125
1870, 500, 10, 10, 125
1880, 510, 10, 10, 125
1890, 520, 10, 10, 125
1900, 530, 10, 10, 125
1910, 540, 10, 10, 125
1920, 550, 10, 10, 125
1930, 560, 10, 10, 125
